quarter,qra_release_date,market_pricing_marker_minus_1d,total_financing_need_bn,net_bill_issuance_bn,source_url,source_doc_type,qa_status,readiness_tier,source_quality,headline_ready,fallback_only,missing_critical_fields,provenance_summary
2010Q1,2010-02-03,2010-02-02,,49.943,https://fiscaldata.treasury.gov/datasets/treasury-securities-auctions-data/auctions-query|https://home.treasury.gov/news/press-releases/tg527,official_auction_reconstruction|official_quarterly_refunding_statement,semi_automated_capture,incomplete,official_hybrid,False,True,total_financing_need_bn,source=https://fiscaldata.treasury.gov/datasets/treasury-securities-auctions-data/auctions-query; doc_type=official_auction_reconstruction|official_quarterly_refunding_statement; qa=semi_automated_capture
2010Q2,2010-05-05,2010-05-04,,-39.009,https://fiscaldata.treasury.gov/datasets/treasury-securities-auctions-data/auctions-query|https://home.treasury.gov/news/press-releases/tg679,official_auction_reconstruction|official_quarterly_refunding_statement,semi_automated_capture,incomplete,official_hybrid,False,True,total_financing_need_bn,source=https://fiscaldata.treasury.gov/datasets/treasury-securities-auctions-data/auctions-query; doc_type=official_auction_reconstruction|official_quarterly_refunding_statement; qa=semi_automated_capture
2010Q3,2010-08-04,2010-08-03,,5.906,https://fiscaldata.treasury.gov/datasets/treasury-securities-auctions-data/auctions-query|https://home.treasury.gov/news/press-releases/tg799,official_auction_reconstruction|official_quarterly_refunding_statement,semi_automated_capture,incomplete,official_hybrid,False,True,total_financing_need_bn,source=https://fiscaldata.treasury.gov/datasets/treasury-securities-auctions-data/auctions-query; doc_type=official_auction_reconstruction|official_quarterly_refunding_statement; qa=semi_automated_capture
2010Q4,2010-11-03,2010-11-02,,-16.045,https://fiscaldata.treasury.gov/datasets/treasury-securities-auctions-data/auctions-query|https://home.treasury.gov/news/press-releases/tg940,official_auction_reconstruction|official_quarterly_refunding_statement,semi_automated_capture,incomplete,official_hybrid,False,True,total_financing_need_bn,source=https://fiscaldata.treasury.gov/datasets/treasury-securities-auctions-data/auctions-query; doc_type=official_auction_reconstruction|official_quarterly_refunding_statement; qa=semi_automated_capture
2011Q1,2011-02-02,2011-02-01,299.0,-99.075,https://fiscaldata.treasury.gov/datasets/treasury-securities-auctions-data/auctions-query|https://home.treasury.gov/news/press-releases/tg1045|https://home.treasury.gov/news/press-releases/tg1038,official_auction_reconstruction|official_quarterly_refunding_statement|quarterly_refunding_press_release,manual_official_capture,headline_ready,exact_official,True,False,,source=https://fiscaldata.treasury.gov/datasets/treasury-securities-auctions-data/auctions-query; doc_type=official_auction_reconstruction|official_quarterly_refunding_statement|quarterly_refunding_press_release; qa=manual_official_capture
2011Q2,2011-05-04,2011-05-03,299.0,-127.065,https://fiscaldata.treasury.gov/datasets/treasury-securities-auctions-data/auctions-query|https://home.treasury.gov/news/press-releases/tg1161|https://home.treasury.gov/news/press-releases/tg1038|https://home.treasury.gov/news/press-releases/tg1155,official_auction_reconstruction|official_quarterly_refunding_statement|quarterly_refunding_press_release,manual_official_capture,headline_ready,exact_official,True,False,,source=https://fiscaldata.treasury.gov/datasets/treasury-securities-auctions-data/auctions-query; doc_type=official_auction_reconstruction|official_quarterly_refunding_statement|quarterly_refunding_press_release; qa=manual_official_capture
2011Q3,2011-08-03,2011-08-02,405.0,-57.054,https://fiscaldata.treasury.gov/datasets/treasury-securities-auctions-data/auctions-query|https://home.treasury.gov/news/press-releases/tg1267|https://home.treasury.gov/news/press-releases/tg1155|https://home.treasury.gov/news/press-releases/tg1262,official_auction_reconstruction|official_quarterly_refunding_statement|quarterly_refunding_press_release,manual_official_capture,headline_ready,exact_official,True,False,,source=https://fiscaldata.treasury.gov/datasets/treasury-securities-auctions-data/auctions-query; doc_type=official_auction_reconstruction|official_quarterly_refunding_statement|quarterly_refunding_press_release; qa=manual_official_capture
2011Q4,2011-11-02,2011-11-01,285.0,42.94,https://fiscaldata.treasury.gov/datasets/treasury-securities-auctions-data/auctions-query|https://home.treasury.gov/news/press-releases/tg1348|https://home.treasury.gov/news/press-releases/tg1262|https://home.treasury.gov/news/press-releases/tg1342,official_auction_reconstruction|official_quarterly_refunding_statement|quarterly_refunding_press_release,manual_official_capture,headline_ready,exact_official,True,False,,source=https://fiscaldata.treasury.gov/datasets/treasury-securities-auctions-data/auctions-query; doc_type=official_auction_reconstruction|official_quarterly_refunding_statement|quarterly_refunding_press_release; qa=manual_official_capture
2012Q1,2012-02-01,2012-01-31,541.0,133.933,https://fiscaldata.treasury.gov/datasets/treasury-securities-auctions-data/auctions-query|https://home.treasury.gov/news/press-releases/tg1405|https://home.treasury.gov/news/press-releases/tg1342|https://home.treasury.gov/news/press-releases/tg1401,official_auction_reconstruction|official_quarterly_refunding_statement|quarterly_refunding_press_release,manual_official_capture,headline_ready,exact_official,True,False,,source=https://fiscaldata.treasury.gov/datasets/treasury-securities-auctions-data/auctions-query; doc_type=official_auction_reconstruction|official_quarterly_refunding_statement|quarterly_refunding_press_release; qa=manual_official_capture
2012Q2,2012-05-02,2012-05-01,200.0,-78.014,https://fiscaldata.treasury.gov/datasets/treasury-securities-auctions-data/auctions-query|https://home.treasury.gov/news/press-releases/tg1562|https://home.treasury.gov/news/press-releases/tg1401|https://home.treasury.gov/news/press-releases/tg1556,official_auction_reconstruction|official_quarterly_refunding_statement|quarterly_refunding_press_release,manual_official_capture,headline_ready,exact_official,True,False,,source=https://fiscaldata.treasury.gov/datasets/treasury-securities-auctions-data/auctions-query; doc_type=official_auction_reconstruction|official_quarterly_refunding_statement|quarterly_refunding_press_release; qa=manual_official_capture
2012Q3,2012-08-01,2012-07-31,265.0,83.004,https://fiscaldata.treasury.gov/datasets/treasury-securities-auctions-data/auctions-query|https://home.treasury.gov/news/press-releases/tg1663|https://home.treasury.gov/news/press-releases/tg1556|https://home.treasury.gov/news/press-releases/tg1659,official_auction_reconstruction|official_quarterly_refunding_statement|quarterly_refunding_press_release,manual_official_capture,headline_ready,exact_official,True,False,,source=https://fiscaldata.treasury.gov/datasets/treasury-securities-auctions-data/auctions-query; doc_type=official_auction_reconstruction|official_quarterly_refunding_statement|quarterly_refunding_press_release; qa=manual_official_capture
2012Q4,2012-10-31,2012-10-30,316.0,82.998,https://fiscaldata.treasury.gov/datasets/treasury-securities-auctions-data/auctions-query|https://home.treasury.gov/news/press-releases/tg1753|https://home.treasury.gov/news/press-releases/tg1659|https://home.treasury.gov/news/press-releases/tg1752,official_auction_reconstruction|official_quarterly_refunding_statement|quarterly_refunding_press_release,manual_official_capture,headline_ready,exact_official,True,False,,source=https://fiscaldata.treasury.gov/datasets/treasury-securities-auctions-data/auctions-query; doc_type=official_auction_reconstruction|official_quarterly_refunding_statement|quarterly_refunding_press_release; qa=manual_official_capture
2013Q1,2013-02-04,2013-02-03,342.0,57.02,https://fiscaldata.treasury.gov/datasets/treasury-securities-auctions-data/auctions-query|https://home.treasury.gov/news/press-releases/tg1846|https://home.treasury.gov/news/press-releases/tg1752|https://home.treasury.gov/news/press-releases/tg1837,official_auction_reconstruction|official_quarterly_refunding_statement|quarterly_refunding_press_release,manual_official_capture,headline_ready,exact_official,True,False,,source=https://fiscaldata.treasury.gov/datasets/treasury-securities-auctions-data/auctions-query; doc_type=official_auction_reconstruction|official_quarterly_refunding_statement|quarterly_refunding_press_release; qa=manual_official_capture
2013Q2,2013-05-01,2013-04-30,103.0,-190.979,https://fiscaldata.treasury.gov/datasets/treasury-securities-auctions-data/auctions-query|https://home.treasury.gov/news/press-releases/jl1921|https://home.treasury.gov/news/press-releases/tg1837|https://home.treasury.gov/news/press-releases/jl1919,official_auction_reconstruction|official_quarterly_refunding_statement|quarterly_refunding_press_release,manual_official_capture,headline_ready,exact_official,True,False,,source=https://fiscaldata.treasury.gov/datasets/treasury-securities-auctions-data/auctions-query; doc_type=official_auction_reconstruction|official_quarterly_refunding_statement|quarterly_refunding_press_release; qa=manual_official_capture
2013Q3,2013-07-31,2013-07-30,223.0,25.028,https://fiscaldata.treasury.gov/datasets/treasury-securities-auctions-data/auctions-query|https://home.treasury.gov/news/press-releases/jl2126|https://home.treasury.gov/news/press-releases/jl1919|https://home.treasury.gov/news/press-releases/jl2131,official_auction_reconstruction|official_quarterly_refunding_statement|quarterly_refunding_press_release,manual_official_capture,headline_ready,exact_official,True,False,,source=https://fiscaldata.treasury.gov/datasets/treasury-securities-auctions-data/auctions-query; doc_type=official_auction_reconstruction|official_quarterly_refunding_statement|quarterly_refunding_press_release; qa=manual_official_capture
2013Q4,2013-11-06,2013-11-05,235.0,97.01,https://fiscaldata.treasury.gov/datasets/treasury-securities-auctions-data/auctions-query|https://home.treasury.gov/news/press-releases/jl2210|https://home.treasury.gov/news/press-releases/jl2131|https://home.treasury.gov/news/press-releases/jl2208,official_auction_reconstruction|official_quarterly_refunding_statement|quarterly_refunding_press_release,manual_official_capture,headline_ready,exact_official,True,False,,source=https://fiscaldata.treasury.gov/datasets/treasury-securities-auctions-data/auctions-query; doc_type=official_auction_reconstruction|official_quarterly_refunding_statement|quarterly_refunding_press_release; qa=manual_official_capture
2014Q1,2014-02-05,2014-02-04,265.0,-54.985,https://fiscaldata.treasury.gov/datasets/treasury-securities-auctions-data/auctions-query|https://home.treasury.gov/news/press-releases/jl2281|https://home.treasury.gov/news/press-releases/jl2208|https://home.treasury.gov/news/press-releases/jl2277,official_auction_reconstruction|official_quarterly_refunding_statement|quarterly_refunding_press_release,manual_official_capture,headline_ready,exact_official,True,False,,source=https://fiscaldata.treasury.gov/datasets/treasury-securities-auctions-data/auctions-query; doc_type=official_auction_reconstruction|official_quarterly_refunding_statement|quarterly_refunding_press_release; qa=manual_official_capture
2014Q2,2014-04-30,2014-04-29,169.0,-263.983,https://fiscaldata.treasury.gov/datasets/treasury-securities-auctions-data/auctions-query|https://home.treasury.gov/news/press-releases/jl2375|https://home.treasury.gov/news/press-releases/jl2277|https://home.treasury.gov/news/press-releases/jl2370,official_auction_reconstruction|official_quarterly_refunding_statement|quarterly_refunding_press_release,manual_official_capture,headline_ready,exact_official,True,False,,source=https://fiscaldata.treasury.gov/datasets/treasury-securities-auctions-data/auctions-query; doc_type=official_auction_reconstruction|official_quarterly_refunding_statement|quarterly_refunding_press_release; qa=manual_official_capture
2014Q3,2014-08-06,2014-08-05,169.0,37.993,https://fiscaldata.treasury.gov/datasets/treasury-securities-auctions-data/auctions-query|https://home.treasury.gov/news/press-releases/jl2604|https://home.treasury.gov/news/press-releases/jl2370|https://home.treasury.gov/news/press-releases/jl2597,official_auction_reconstruction|official_quarterly_refunding_statement|quarterly_refunding_press_release,manual_official_capture,headline_ready,exact_official,True,False,,source=https://fiscaldata.treasury.gov/datasets/treasury-securities-auctions-data/auctions-query; doc_type=official_auction_reconstruction|official_quarterly_refunding_statement|quarterly_refunding_press_release; qa=manual_official_capture
2014Q4,2014-11-05,2014-11-04,187.0,46.995,https://fiscaldata.treasury.gov/datasets/treasury-securities-auctions-data/auctions-query|https://home.treasury.gov/news/press-releases/jl2688|https://home.treasury.gov/news/press-releases/jl2597|https://home.treasury.gov/news/press-releases/jl2684,official_auction_reconstruction|official_quarterly_refunding_statement|quarterly_refunding_press_release,manual_official_capture,headline_ready,exact_official,True,False,,source=https://fiscaldata.treasury.gov/datasets/treasury-securities-auctions-data/auctions-query; doc_type=official_auction_reconstruction|official_quarterly_refunding_statement|quarterly_refunding_press_release; qa=manual_official_capture
2015Q1,2015-02-04,2015-02-03,209.0,20.02,https://fiscaldata.treasury.gov/datasets/treasury-securities-auctions-data/auctions-query|https://home.treasury.gov/news/press-releases/jl9760|https://home.treasury.gov/news/press-releases/jl2684|https://home.treasury.gov/news/press-releases/jl9756,official_auction_reconstruction|official_quarterly_refunding_statement|quarterly_refunding_press_release,manual_official_capture,headline_ready,exact_official,True,False,,source=https://fiscaldata.treasury.gov/datasets/treasury-securities-auctions-data/auctions-query; doc_type=official_auction_reconstruction|official_quarterly_refunding_statement|quarterly_refunding_press_release; qa=manual_official_capture
2015Q2,2015-05-06,2015-05-05,66.0,-82.906,https://fiscaldata.treasury.gov/datasets/treasury-securities-auctions-data/auctions-query|https://home.treasury.gov/news/press-releases/jl10045|https://home.treasury.gov/news/press-releases/jl9756|https://home.treasury.gov/news/press-releases/jl10040,official_auction_reconstruction|official_quarterly_refunding_statement|quarterly_refunding_press_release,manual_official_capture,headline_ready,exact_official,True,False,,source=https://fiscaldata.treasury.gov/datasets/treasury-securities-auctions-data/auctions-query; doc_type=official_auction_reconstruction|official_quarterly_refunding_statement|quarterly_refunding_press_release; qa=manual_official_capture
2015Q3,2015-08-03,2015-08-02,66.0,-36.995,https://fiscaldata.treasury.gov/datasets/treasury-securities-auctions-data/auctions-query|https://home.treasury.gov/news/press-releases/jl0142|https://home.treasury.gov/news/press-releases/jl10040,official_auction_reconstruction|official_quarterly_refunding_statement|quarterly_refunding_press_release,manual_official_capture,headline_ready,exact_official,True,False,,source=https://fiscaldata.treasury.gov/datasets/treasury-securities-auctions-data/auctions-query; doc_type=official_auction_reconstruction|official_quarterly_refunding_statement|quarterly_refunding_press_release; qa=manual_official_capture
2015Q4,2015-11-04,2015-11-03,165.0,90.978,https://fiscaldata.treasury.gov/datasets/treasury-securities-auctions-data/auctions-query|https://home.treasury.gov/news/press-releases/jl0249|https://home.treasury.gov/news/press-releases/jl0245,official_auction_reconstruction|official_quarterly_refunding_statement|quarterly_refunding_press_release,manual_official_capture,headline_ready,exact_official,True,False,,source=https://fiscaldata.treasury.gov/datasets/treasury-securities-auctions-data/auctions-query; doc_type=official_auction_reconstruction|official_quarterly_refunding_statement|quarterly_refunding_press_release; qa=manual_official_capture
2016Q1,2016-02-03,2016-02-02,165.0,104.028,https://fiscaldata.treasury.gov/datasets/treasury-securities-auctions-data/auctions-query|https://home.treasury.gov/news/press-releases/jl0338|https://home.treasury.gov/news/press-releases/jl0245|https://home.treasury.gov/news/press-releases/jl0334,official_auction_reconstruction|official_quarterly_refunding_statement|quarterly_refunding_press_release,manual_official_capture,headline_ready,exact_official,True,False,,source=https://fiscaldata.treasury.gov/datasets/treasury-securities-auctions-data/auctions-query; doc_type=official_auction_reconstruction|official_quarterly_refunding_statement|quarterly_refunding_press_release; qa=manual_official_capture
2016Q2,2016-05-04,2016-05-03,155.0,-109.976,https://fiscaldata.treasury.gov/datasets/treasury-securities-auctions-data/auctions-query|https://home.treasury.gov/news/press-releases/jl0449|https://home.treasury.gov/news/press-releases/jl0334|https://home.treasury.gov/news/press-releases/jl0445,official_auction_reconstruction|official_quarterly_refunding_statement|quarterly_refunding_press_release,manual_official_capture,headline_ready,exact_official,True,False,,source=https://fiscaldata.treasury.gov/datasets/treasury-securities-auctions-data/auctions-query; doc_type=official_auction_reconstruction|official_quarterly_refunding_statement|quarterly_refunding_press_release; qa=manual_official_capture
2016Q3,2016-08-03,2016-08-02,155.0,139.058,https://fiscaldata.treasury.gov/datasets/treasury-securities-auctions-data/auctions-query|https://home.treasury.gov/news/press-releases/jl0595|https://home.treasury.gov/news/press-releases/jl0445|https://home.treasury.gov/news/press-releases/jl0532,official_auction_reconstruction|official_quarterly_refunding_statement|quarterly_refunding_press_release,manual_official_capture,headline_ready,exact_official,True,False,,source=https://fiscaldata.treasury.gov/datasets/treasury-securities-auctions-data/auctions-query; doc_type=official_auction_reconstruction|official_quarterly_refunding_statement|quarterly_refunding_press_release; qa=manual_official_capture
2016Q4,2016-11-02,2016-11-01,182.0,171.044,https://fiscaldata.treasury.gov/datasets/treasury-securities-auctions-data/auctions-query|https://home.treasury.gov/news/press-releases/jl0602|https://home.treasury.gov/news/press-releases/jl0532|https://home.treasury.gov/news/press-releases/jl0599,official_auction_reconstruction|official_quarterly_refunding_statement|quarterly_refunding_press_release,manual_official_capture,headline_ready,exact_official,True,False,,source=https://fiscaldata.treasury.gov/datasets/treasury-securities-auctions-data/auctions-query; doc_type=official_auction_reconstruction|official_quarterly_refunding_statement|quarterly_refunding_press_release; qa=manual_official_capture
2017Q1,2017-02-01,2017-01-31,56.0,-23.976,https://fiscaldata.treasury.gov/datasets/treasury-securities-auctions-data/auctions-query|https://home.treasury.gov/news/press-releases/as0001|https://home.treasury.gov/news/press-releases/jl0599|https://home.treasury.gov/news/press-releases/jl0718,official_auction_reconstruction|official_quarterly_refunding_statement|quarterly_refunding_press_release,manual_official_capture,headline_ready,exact_official,True,False,,source=https://fiscaldata.treasury.gov/datasets/treasury-securities-auctions-data/auctions-query; doc_type=official_auction_reconstruction|official_quarterly_refunding_statement|quarterly_refunding_press_release; qa=manual_official_capture
2017Q2,2017-05-03,2017-05-02,98.0,-39.008,https://fiscaldata.treasury.gov/datasets/treasury-securities-auctions-data/auctions-query|https://home.treasury.gov/news/press-releases/sm0069|https://home.treasury.gov/news/press-releases/sm0068,official_auction_reconstruction|official_quarterly_refunding_statement|quarterly_refunding_press_release,manual_official_capture,headline_ready,exact_official,True,False,,source=https://fiscaldata.treasury.gov/datasets/treasury-securities-auctions-data/auctions-query; doc_type=official_auction_reconstruction|official_quarterly_refunding_statement|quarterly_refunding_press_release; qa=manual_official_capture
2017Q3,2017-08-02,2017-08-01,98.0,69.047,https://fiscaldata.treasury.gov/datasets/treasury-securities-auctions-data/auctions-query|https://home.treasury.gov/news/press-releases/sm0141|https://home.treasury.gov/news/press-releases/sm0068|https://home.treasury.gov/news/press-releases/sm0138,official_auction_reconstruction|official_quarterly_refunding_statement|quarterly_refunding_press_release,manual_official_capture,headline_ready,exact_official,True,False,,source=https://fiscaldata.treasury.gov/datasets/treasury-securities-auctions-data/auctions-query; doc_type=official_auction_reconstruction|official_quarterly_refunding_statement|quarterly_refunding_press_release; qa=manual_official_capture
2017Q4,2017-11-01,2017-10-31,512.0,145.059,https://fiscaldata.treasury.gov/datasets/treasury-securities-auctions-data/auctions-query|https://home.treasury.gov/news/press-releases/sm0200|https://home.treasury.gov/news/press-releases/sm0197,official_auction_reconstruction|official_quarterly_refunding_statement|quarterly_refunding_press_release,manual_official_capture,headline_ready,exact_official,True,False,,source=https://fiscaldata.treasury.gov/datasets/treasury-securities-auctions-data/auctions-query; doc_type=official_auction_reconstruction|official_quarterly_refunding_statement|quarterly_refunding_press_release; qa=manual_official_capture
2018Q1,2018-01-31,2018-01-30,512.0,323.058,https://fiscaldata.treasury.gov/datasets/treasury-securities-auctions-data/auctions-query|https://home.treasury.gov/news/press-releases/sm0275|https://home.treasury.gov/news/press-releases/sm0197|https://home.treasury.gov/news/press-releases/sm0268,official_auction_reconstruction|official_quarterly_refunding_statement|quarterly_refunding_press_release,manual_official_capture,headline_ready,exact_official,True,False,,source=https://fiscaldata.treasury.gov/datasets/treasury-securities-auctions-data/auctions-query; doc_type=official_auction_reconstruction|official_quarterly_refunding_statement|quarterly_refunding_press_release; qa=manual_official_capture
2018Q2,2018-05-02,2018-05-01,176.0,-130.956,https://fiscaldata.treasury.gov/datasets/treasury-securities-auctions-data/auctions-query|https://home.treasury.gov/news/press-releases/sm0378|https://home.treasury.gov/news/press-releases/sm0268|https://home.treasury.gov/news/press-releases/sm0375,official_auction_reconstruction|official_quarterly_refunding_statement|quarterly_refunding_press_release,manual_official_capture,headline_ready,exact_official,True,False,,source=https://fiscaldata.treasury.gov/datasets/treasury-securities-auctions-data/auctions-query; doc_type=official_auction_reconstruction|official_quarterly_refunding_statement|quarterly_refunding_press_release; qa=manual_official_capture
2018Q3,2018-08-01,2018-07-31,273.0,82.046,https://fiscaldata.treasury.gov/datasets/treasury-securities-auctions-data/auctions-query|https://home.treasury.gov/news/press-releases/sm449|https://home.treasury.gov/news/press-releases/sm0375|https://home.treasury.gov/news/press-releases/sm445,official_auction_reconstruction|official_quarterly_refunding_statement|quarterly_refunding_press_release,manual_official_capture,headline_ready,exact_official,True,False,,source=https://fiscaldata.treasury.gov/datasets/treasury-securities-auctions-data/auctions-query; doc_type=official_auction_reconstruction|official_quarterly_refunding_statement|quarterly_refunding_press_release; qa=manual_official_capture
2018Q4,2018-10-31,2018-10-30,440.0,100.017,https://fiscaldata.treasury.gov/datasets/treasury-securities-auctions-data/auctions-query|https://home.treasury.gov/news/press-releases/sm538|https://home.treasury.gov/news/press-releases/sm445|https://home.treasury.gov/news/press-releases/sm535,official_auction_reconstruction|official_quarterly_refunding_statement|quarterly_refunding_press_release,manual_official_capture,headline_ready,exact_official,True,False,,source=https://fiscaldata.treasury.gov/datasets/treasury-securities-auctions-data/auctions-query; doc_type=official_auction_reconstruction|official_quarterly_refunding_statement|quarterly_refunding_press_release; qa=manual_official_capture
2019Q1,2019-01-30,2019-01-29,356.0,117.028,https://fiscaldata.treasury.gov/datasets/treasury-securities-auctions-data/auctions-query|https://home.treasury.gov/news/press-releases/sm597|https://home.treasury.gov/news/press-releases/sm535|https://home.treasury.gov/news/press-releases/sm593,official_auction_reconstruction|official_quarterly_refunding_statement|quarterly_refunding_press_release,manual_official_capture,headline_ready,exact_official,True,False,,source=https://fiscaldata.treasury.gov/datasets/treasury-securities-auctions-data/auctions-query; doc_type=official_auction_reconstruction|official_quarterly_refunding_statement|quarterly_refunding_press_release; qa=manual_official_capture
2019Q2,2019-05-01,2019-04-30,83.0,-228.937,https://fiscaldata.treasury.gov/datasets/treasury-securities-auctions-data/auctions-query|https://home.treasury.gov/news/press-releases/sm677|https://home.treasury.gov/news/press-releases/sm593|https://home.treasury.gov/news/press-releases/sm672,official_auction_reconstruction|official_quarterly_refunding_statement|quarterly_refunding_press_release,manual_official_capture,headline_ready,exact_official,True,False,,source=https://fiscaldata.treasury.gov/datasets/treasury-securities-auctions-data/auctions-query; doc_type=official_auction_reconstruction|official_quarterly_refunding_statement|quarterly_refunding_press_release; qa=manual_official_capture
2019Q3,2019-07-31,2019-07-30,160.0,126.147,https://fiscaldata.treasury.gov/datasets/treasury-securities-auctions-data/auctions-query|https://home.treasury.gov/news/press-releases/sm745|https://home.treasury.gov/news/press-releases/sm672|https://home.treasury.gov/news/press-releases/sm743,official_auction_reconstruction|official_quarterly_refunding_statement|quarterly_refunding_press_release,manual_official_capture,headline_ready,exact_official,True,False,,source=https://fiscaldata.treasury.gov/datasets/treasury-securities-auctions-data/auctions-query; doc_type=official_auction_reconstruction|official_quarterly_refunding_statement|quarterly_refunding_press_release; qa=manual_official_capture
2019Q4,2019-10-30,2019-10-29,381.0,39.985,https://fiscaldata.treasury.gov/datasets/treasury-securities-auctions-data/auctions-query|https://home.treasury.gov/news/press-releases/sm810|https://home.treasury.gov/news/press-releases/sm743|https://home.treasury.gov/news/press-releases/sm808,official_auction_reconstruction|official_quarterly_refunding_statement|quarterly_refunding_press_release,manual_official_capture,headline_ready,exact_official,True,False,,source=https://fiscaldata.treasury.gov/datasets/treasury-securities-auctions-data/auctions-query; doc_type=official_auction_reconstruction|official_quarterly_refunding_statement|quarterly_refunding_press_release; qa=manual_official_capture
2020Q1,2020-02-05,2020-02-04,389.0,240.614,https://fiscaldata.treasury.gov/datasets/treasury-securities-auctions-data/auctions-query|https://home.treasury.gov/news/press-releases/sm896|https://home.treasury.gov/news/press-releases/sm808|https://home.treasury.gov/news/press-releases/sm893,official_auction_reconstruction|official_quarterly_refunding_statement|quarterly_refunding_press_release,manual_official_capture,headline_ready,exact_official,True,False,,source=https://fiscaldata.treasury.gov/datasets/treasury-securities-auctions-data/auctions-query; doc_type=official_auction_reconstruction|official_quarterly_refunding_statement|quarterly_refunding_press_release; qa=manual_official_capture
2020Q2,2020-05-06,2020-05-05,677.0,1967.17,https://fiscaldata.treasury.gov/datasets/treasury-securities-auctions-data/auctions-query|https://home.treasury.gov/news/press-releases/sm1001|https://home.treasury.gov/news/press-releases/sm893|https://home.treasury.gov/news/press-releases/sm997,official_auction_reconstruction|official_quarterly_refunding_statement|quarterly_refunding_press_release,manual_official_capture,headline_ready,exact_official,True,False,,source=https://fiscaldata.treasury.gov/datasets/treasury-securities-auctions-data/auctions-query; doc_type=official_auction_reconstruction|official_quarterly_refunding_statement|quarterly_refunding_press_release; qa=manual_official_capture
2020Q3,2020-08-05,2020-08-04,677.0,-50.699,https://fiscaldata.treasury.gov/datasets/treasury-securities-auctions-data/auctions-query|https://home.treasury.gov/news/press-releases/sm1081|https://home.treasury.gov/news/press-releases/sm997|https://home.treasury.gov/news/press-releases/sm1077,official_auction_reconstruction|official_quarterly_refunding_statement|quarterly_refunding_press_release,manual_official_capture,headline_ready,exact_official,True,False,,source=https://fiscaldata.treasury.gov/datasets/treasury-securities-auctions-data/auctions-query; doc_type=official_auction_reconstruction|official_quarterly_refunding_statement|quarterly_refunding_press_release; qa=manual_official_capture
2020Q4,2020-11-04,2020-11-03,1216.0,-64.82,https://fiscaldata.treasury.gov/datasets/treasury-securities-auctions-data/auctions-query|https://home.treasury.gov/news/press-releases/sm1176|https://home.treasury.gov/news/press-releases/sm1077|https://home.treasury.gov/news/press-releases/sm1172,official_auction_reconstruction|official_quarterly_refunding_statement|quarterly_refunding_press_release,manual_official_capture,headline_ready,exact_official,True,False,,source=https://fiscaldata.treasury.gov/datasets/treasury-securities-auctions-data/auctions-query; doc_type=official_auction_reconstruction|official_quarterly_refunding_statement|quarterly_refunding_press_release; qa=manual_official_capture
2021Q1,2020-11-04,2020-11-03,1127.0,-295.128,https://fiscaldata.treasury.gov/datasets/treasury-securities-auctions-data/auctions-query|https://home.treasury.gov/news/press-releases/jy0016|https://home.treasury.gov/news/press-releases/sm1172,official_auction_reconstruction|official_quarterly_refunding_statement|quarterly_refunding_press_release,manual_official_capture,headline_ready,exact_official,True,False,,source=https://fiscaldata.treasury.gov/datasets/treasury-securities-auctions-data/auctions-query; doc_type=official_auction_reconstruction|official_quarterly_refunding_statement|quarterly_refunding_press_release; qa=manual_official_capture
2021Q2,2021-02-03,2021-02-02,95.0,-394.01,https://fiscaldata.treasury.gov/datasets/treasury-securities-auctions-data/auctions-query|https://home.treasury.gov/news/press-releases/jy0164|https://home.treasury.gov/news/press-releases/jy0011,official_auction_reconstruction|official_quarterly_refunding_statement|quarterly_refunding_press_release,manual_official_capture,headline_ready,exact_official,True,False,,source=https://fiscaldata.treasury.gov/datasets/treasury-securities-auctions-data/auctions-query; doc_type=official_auction_reconstruction|official_quarterly_refunding_statement|quarterly_refunding_press_release; qa=manual_official_capture
2021Q3,2021-05-05,2021-05-04,821.0,-561.065,https://fiscaldata.treasury.gov/datasets/treasury-securities-auctions-data/auctions-query|https://home.treasury.gov/news/press-releases/jy0307|https://home.treasury.gov/news/press-releases/jy0158,official_auction_reconstruction|official_quarterly_refunding_statement|quarterly_refunding_press_release,manual_official_capture,headline_ready,exact_official,True,False,,source=https://fiscaldata.treasury.gov/datasets/treasury-securities-auctions-data/auctions-query; doc_type=official_auction_reconstruction|official_quarterly_refunding_statement|quarterly_refunding_press_release; qa=manual_official_capture
2021Q4,2021-08-04,2021-08-03,703.0,110.948,https://fiscaldata.treasury.gov/datasets/treasury-securities-auctions-data/auctions-query|https://home.treasury.gov/news/press-releases/jy0462|https://home.treasury.gov/news/press-releases/jy0302,official_auction_reconstruction|official_quarterly_refunding_statement|quarterly_refunding_press_release,manual_official_capture,headline_ready,exact_official,True,False,,source=https://fiscaldata.treasury.gov/datasets/treasury-securities-auctions-data/auctions-query; doc_type=official_auction_reconstruction|official_quarterly_refunding_statement|quarterly_refunding_press_release; qa=manual_official_capture
2022Q1,2021-11-03,2021-11-02,476.0,159.004,https://fiscaldata.treasury.gov/datasets/treasury-securities-auctions-data/auctions-query|https://home.treasury.gov/news/press-releases/jy0581|https://home.treasury.gov/news/press-releases/jy0452,official_auction_reconstruction|official_quarterly_refunding_statement|quarterly_refunding_press_release,manual_official_capture,headline_ready,exact_official,True,False,,source=https://fiscaldata.treasury.gov/datasets/treasury-securities-auctions-data/auctions-query; doc_type=official_auction_reconstruction|official_quarterly_refunding_statement|quarterly_refunding_press_release; qa=manual_official_capture
2022Q2,2022-02-02,2022-02-01,66.0,-404.958,https://fiscaldata.treasury.gov/datasets/treasury-securities-auctions-data/auctions-query|https://home.treasury.gov/news/press-releases/jy0762|https://home.treasury.gov/news/press-releases/jy0575,official_auction_reconstruction|official_quarterly_refunding_statement|quarterly_refunding_press_release,manual_official_capture,headline_ready,exact_official,True,False,,source=https://fiscaldata.treasury.gov/datasets/treasury-securities-auctions-data/auctions-query; doc_type=official_auction_reconstruction|official_quarterly_refunding_statement|quarterly_refunding_press_release; qa=manual_official_capture
2022Q3,2022-05-04,2022-05-03,182.0,137.088,https://fiscaldata.treasury.gov/datasets/treasury-securities-auctions-data/auctions-query|https://home.treasury.gov/news/press-releases/jy0908|https://home.treasury.gov/news/press-releases/jy0755,official_auction_reconstruction|official_quarterly_refunding_statement|quarterly_refunding_press_release,manual_official_capture,headline_ready,exact_official,True,False,,source=https://fiscaldata.treasury.gov/datasets/treasury-securities-auctions-data/auctions-query; doc_type=official_auction_reconstruction|official_quarterly_refunding_statement|quarterly_refunding_press_release; qa=manual_official_capture
2022Q4,2022-08-03,2022-08-02,400.0,73.149,https://fiscaldata.treasury.gov/datasets/treasury-securities-auctions-data/auctions-query|https://home.treasury.gov/news/press-releases/jy1072|https://home.treasury.gov/news/press-releases/jy0902,official_auction_reconstruction|official_quarterly_refunding_statement|quarterly_refunding_press_release,manual_official_capture,headline_ready,exact_official,True,False,,source=https://fiscaldata.treasury.gov/datasets/treasury-securities-auctions-data/auctions-query; doc_type=official_auction_reconstruction|official_quarterly_refunding_statement|quarterly_refunding_press_release; qa=manual_official_capture
2023Q1,2022-11-02,2022-11-01,578.0,335.198,https://fiscaldata.treasury.gov/datasets/treasury-securities-auctions-data/auctions-query|https://home.treasury.gov/news/press-releases/jy1238|https://home.treasury.gov/news/press-releases/jy1063,official_auction_reconstruction|official_quarterly_refunding_statement|quarterly_refunding_press_release,manual_official_capture,headline_ready,exact_official,True,False,,source=https://fiscaldata.treasury.gov/datasets/treasury-securities-auctions-data/auctions-query; doc_type=official_auction_reconstruction|official_quarterly_refunding_statement|quarterly_refunding_press_release; qa=manual_official_capture
2023Q2,2023-02-01,2023-01-31,278.0,360.307,https://fiscaldata.treasury.gov/datasets/treasury-securities-auctions-data/auctions-query|https://home.treasury.gov/news/press-releases/jy1460|https://home.treasury.gov/news/press-releases/jy1231,official_auction_reconstruction|official_quarterly_refunding_statement|quarterly_refunding_press_release,manual_official_capture,headline_ready,exact_official,True,False,,source=https://fiscaldata.treasury.gov/datasets/treasury-securities-auctions-data/auctions-query; doc_type=official_auction_reconstruction|official_quarterly_refunding_statement|quarterly_refunding_press_release; qa=manual_official_capture
2023Q3,2023-05-03,2023-05-02,733.0,824.9,https://fiscaldata.treasury.gov/datasets/treasury-securities-auctions-data/auctions-query|https://home.treasury.gov/news/press-releases/jy1671|https://home.treasury.gov/news/press-releases/jy1453,official_auction_reconstruction|official_quarterly_refunding_statement|quarterly_refunding_press_release,manual_official_capture,headline_ready,exact_official,True,False,,source=https://fiscaldata.treasury.gov/datasets/treasury-securities-auctions-data/auctions-query; doc_type=official_auction_reconstruction|official_quarterly_refunding_statement|quarterly_refunding_press_release; qa=manual_official_capture
2023Q4,2023-08-02,2023-08-01,852.0,437.423,https://fiscaldata.treasury.gov/datasets/treasury-securities-auctions-data/auctions-query|https://home.treasury.gov/news/press-releases/jy1864|https://home.treasury.gov/news/press-releases/jy1662,official_auction_reconstruction|official_quarterly_refunding_statement|quarterly_refunding_press_release,manual_official_capture,headline_ready,exact_official,True,False,,source=https://fiscaldata.treasury.gov/datasets/treasury-securities-auctions-data/auctions-query; doc_type=official_auction_reconstruction|official_quarterly_refunding_statement|quarterly_refunding_press_release; qa=manual_official_capture
2024Q1,2023-11-01,2023-10-31,816.0,409.117,https://fiscaldata.treasury.gov/datasets/treasury-securities-auctions-data/auctions-query|https://home.treasury.gov/news/press-releases/jy2062|https://home.treasury.gov/news/press-releases/jy1851,official_auction_reconstruction|official_quarterly_refunding_statement|quarterly_refunding_press_release,manual_official_capture,headline_ready,exact_official,True,False,,source=https://fiscaldata.treasury.gov/datasets/treasury-securities-auctions-data/auctions-query; doc_type=official_auction_reconstruction|official_quarterly_refunding_statement|quarterly_refunding_press_release; qa=manual_official_capture
2024Q2,2024-01-31,2024-01-30,202.0,-296.523,https://fiscaldata.treasury.gov/datasets/treasury-securities-auctions-data/auctions-query|https://home.treasury.gov/news/press-releases/jy2315|https://home.treasury.gov/news/press-releases/jy2054,official_auction_reconstruction|official_quarterly_refunding_statement|quarterly_refunding_press_release,manual_official_capture,headline_ready,exact_official,True,False,,source=https://fiscaldata.treasury.gov/datasets/treasury-securities-auctions-data/auctions-query; doc_type=official_auction_reconstruction|official_quarterly_refunding_statement|quarterly_refunding_press_release; qa=manual_official_capture
2024Q3,2024-05-01,2024-04-30,847.0,239.382,https://fiscaldata.treasury.gov/datasets/treasury-securities-auctions-data/auctions-query|https://home.treasury.gov/news/press-releases/jy2512|https://home.treasury.gov/news/press-releases/jy2304,official_auction_reconstruction|official_quarterly_refunding_statement|quarterly_refunding_press_release,manual_official_capture,headline_ready,exact_official,True,False,,source=https://fiscaldata.treasury.gov/datasets/treasury-securities-auctions-data/auctions-query; doc_type=official_auction_reconstruction|official_quarterly_refunding_statement|quarterly_refunding_press_release; qa=manual_official_capture
2024Q4,2024-07-31,2024-07-30,565.0,182.504,https://fiscaldata.treasury.gov/datasets/treasury-securities-auctions-data/auctions-query|https://home.treasury.gov/news/press-releases/jy2697|https://home.treasury.gov/news/press-releases/jy2506,official_auction_reconstruction|official_quarterly_refunding_statement|quarterly_refunding_press_release,manual_official_capture,headline_ready,exact_official,True,False,,source=https://fiscaldata.treasury.gov/datasets/treasury-securities-auctions-data/auctions-query; doc_type=official_auction_reconstruction|official_quarterly_refunding_statement|quarterly_refunding_press_release; qa=manual_official_capture
2025Q1,2024-10-30,2024-10-29,823.0,-30.595,https://fiscaldata.treasury.gov/datasets/treasury-securities-auctions-data/auctions-query|https://home.treasury.gov/news/press-releases/sb0010|https://home.treasury.gov/news/press-releases/jy2688,official_auction_reconstruction|official_quarterly_refunding_statement|quarterly_refunding_press_release,manual_official_capture,headline_ready,exact_official,True,False,,source=https://fiscaldata.treasury.gov/datasets/treasury-securities-auctions-data/auctions-query; doc_type=official_auction_reconstruction|official_quarterly_refunding_statement|quarterly_refunding_press_release; qa=manual_official_capture
2025Q2,2025-02-05,2025-02-04,123.0,-371.653,https://fiscaldata.treasury.gov/datasets/treasury-securities-auctions-data/auctions-query|https://home.treasury.gov/news/press-releases/sb0120|https://home.treasury.gov/news/press-releases/sb0007,official_auction_reconstruction|official_quarterly_refunding_statement|quarterly_refunding_press_release,manual_official_capture,headline_ready,exact_official,True,False,,source=https://fiscaldata.treasury.gov/datasets/treasury-securities-auctions-data/auctions-query; doc_type=official_auction_reconstruction|official_quarterly_refunding_statement|quarterly_refunding_press_release; qa=manual_official_capture
2025Q3,2025-04-30,2025-04-29,554.0,613.383,https://fiscaldata.treasury.gov/datasets/treasury-securities-auctions-data/auctions-query|https://home.treasury.gov/news/press-releases/sb0212|https://home.treasury.gov/news/press-releases/sb0115,official_auction_reconstruction|official_quarterly_refunding_statement|quarterly_refunding_press_release,manual_official_capture,headline_ready,exact_official,True,False,,source=https://fiscaldata.treasury.gov/datasets/treasury-securities-auctions-data/auctions-query; doc_type=official_auction_reconstruction|official_quarterly_refunding_statement|quarterly_refunding_press_release; qa=manual_official_capture
2025Q4,2025-07-30,2025-07-29,590.0,150.478,https://fiscaldata.treasury.gov/datasets/treasury-securities-auctions-data/auctions-query|https://home.treasury.gov/news/press-releases/sb0305|https://home.treasury.gov/news/press-releases/sb0209,official_auction_reconstruction|official_quarterly_refunding_statement|quarterly_refunding_press_release,manual_official_capture,headline_ready,exact_official,True,False,,source=https://fiscaldata.treasury.gov/datasets/treasury-securities-auctions-data/auctions-query; doc_type=official_auction_reconstruction|official_quarterly_refunding_statement|quarterly_refunding_press_release; qa=manual_official_capture
