spec_id,spec_family,variant_id,variant_family,frequency,window_definition,dependent_variable,dependent_label,outcome_role,term,term_label,coef,std_err,t_stat,p_value,nobs,effective_shock_count,rsquared,cov_type,cov_maxlags,sample_start,sample_end,notes
release_flow_horizon_1bd,release_flow,post_2009,post_2009,release-event,release_plus_1bd,THREEFYTP10,10-year term premium proxy (THREEFYTP10),headline,ati_baseline_bn,"Maturity-Tilt Flow (internal `ati_baseline_bn`, USD bn)",-0.0400502147533687,0.0887400802824709,-0.4513204701402551,0.6517585935023953,60.0,60,0.0325023067890252,HAC,4,2010-02-03,2025-07-30,Unique-release fixed-horizon Maturity-Tilt Flow specification from the pre-release pricing marker to +1 business days after the official release.
release_flow_horizon_1bd,release_flow,post_2009,post_2009,release-event,release_plus_1bd,DGS10,10-year Treasury constant maturity yield,headline,ati_baseline_bn,"Maturity-Tilt Flow (internal `ati_baseline_bn`, USD bn)",0.0577731762767166,0.165951304225294,0.3481333066131511,0.7277400719221404,60.0,60,0.0691233446220204,HAC,4,2010-02-03,2025-07-30,Unique-release fixed-horizon Maturity-Tilt Flow specification from the pre-release pricing marker to +1 business days after the official release.
release_flow_horizon_1bd,release_flow,post_2009,post_2009,release-event,release_plus_1bd,DGS30,30-year Treasury constant maturity yield,supporting,ati_baseline_bn,"Maturity-Tilt Flow (internal `ati_baseline_bn`, USD bn)",0.2966403626123642,0.2241051870093609,1.3236657596862025,0.1856140749028743,60.0,60,0.0855536862037403,HAC,4,2010-02-03,2025-07-30,Unique-release fixed-horizon Maturity-Tilt Flow specification from the pre-release pricing marker to +1 business days after the official release.
release_flow_horizon_1bd,release_flow,post_2014,post_2014,release-event,release_plus_1bd,THREEFYTP10,10-year term premium proxy (THREEFYTP10),headline,ati_baseline_bn,"Maturity-Tilt Flow (internal `ati_baseline_bn`, USD bn)",-0.0593136025891834,0.0904497544068956,-0.655763003206801,0.5119766242788472,46.0,46,0.0426785267793613,HAC,4,2014-02-05,2025-07-30,Unique-release fixed-horizon Maturity-Tilt Flow specification from the pre-release pricing marker to +1 business days after the official release.
release_flow_horizon_1bd,release_flow,post_2014,post_2014,release-event,release_plus_1bd,DGS10,10-year Treasury constant maturity yield,headline,ati_baseline_bn,"Maturity-Tilt Flow (internal `ati_baseline_bn`, USD bn)",0.0073867489564216,0.162196240878418,0.0455420478083629,0.9636752603447996,46.0,46,0.084269967954216,HAC,4,2014-02-05,2025-07-30,Unique-release fixed-horizon Maturity-Tilt Flow specification from the pre-release pricing marker to +1 business days after the official release.
release_flow_horizon_1bd,release_flow,post_2014,post_2014,release-event,release_plus_1bd,DGS30,30-year Treasury constant maturity yield,supporting,ati_baseline_bn,"Maturity-Tilt Flow (internal `ati_baseline_bn`, USD bn)",0.2425464662927139,0.2092955586566088,1.1588705840177904,0.2465089409144867,46.0,46,0.1054201484042773,HAC,4,2014-02-05,2025-07-30,Unique-release fixed-horizon Maturity-Tilt Flow specification from the pre-release pricing marker to +1 business days after the official release.
release_flow_horizon_1bd,release_flow,post_2020,post_2020,release-event,release_plus_1bd,THREEFYTP10,10-year term premium proxy (THREEFYTP10),headline,ati_baseline_bn,"Maturity-Tilt Flow (internal `ati_baseline_bn`, USD bn)",-0.0226157530326821,0.1059629681981451,-0.2134307241223359,0.8309910181574018,23.0,23,0.0291355268919818,HAC,4,2020-02-05,2025-07-30,Unique-release fixed-horizon Maturity-Tilt Flow specification from the pre-release pricing marker to +1 business days after the official release.
release_flow_horizon_1bd,release_flow,post_2020,post_2020,release-event,release_plus_1bd,DGS10,10-year Treasury constant maturity yield,headline,ati_baseline_bn,"Maturity-Tilt Flow (internal `ati_baseline_bn`, USD bn)",0.0974719627417702,0.1800048002018835,0.5414964636079208,0.5881654345037826,23.0,23,0.075404518745117,HAC,4,2020-02-05,2025-07-30,Unique-release fixed-horizon Maturity-Tilt Flow specification from the pre-release pricing marker to +1 business days after the official release.
release_flow_horizon_1bd,release_flow,post_2020,post_2020,release-event,release_plus_1bd,DGS30,30-year Treasury constant maturity yield,supporting,ati_baseline_bn,"Maturity-Tilt Flow (internal `ati_baseline_bn`, USD bn)",0.3142255592985846,0.2269113016529159,1.3847946620976366,0.166115263609166,23.0,23,0.0864744156345185,HAC,4,2020-02-05,2025-07-30,Unique-release fixed-horizon Maturity-Tilt Flow specification from the pre-release pricing marker to +1 business days after the official release.
release_flow_horizon_1bd,release_flow,exclude_debt_limit,exclude_debt_limit,release-event,release_plus_1bd,THREEFYTP10,10-year term premium proxy (THREEFYTP10),headline,ati_baseline_bn,"Maturity-Tilt Flow (internal `ati_baseline_bn`, USD bn)",0.1007199534222937,0.0857099485873512,1.175125584396368,0.2399444763578854,46.0,46,0.0552070200151081,HAC,4,2010-02-03,2025-07-30,Unique-release fixed-horizon Maturity-Tilt Flow specification from the pre-release pricing marker to +1 business days after the official release.
release_flow_horizon_1bd,release_flow,exclude_debt_limit,exclude_debt_limit,release-event,release_plus_1bd,DGS10,10-year Treasury constant maturity yield,headline,ati_baseline_bn,"Maturity-Tilt Flow (internal `ati_baseline_bn`, USD bn)",0.2603127662457154,0.2154850437832975,1.2080317115070822,0.2270350647725812,46.0,46,0.0967312775270781,HAC,4,2010-02-03,2025-07-30,Unique-release fixed-horizon Maturity-Tilt Flow specification from the pre-release pricing marker to +1 business days after the official release.
release_flow_horizon_1bd,release_flow,exclude_debt_limit,exclude_debt_limit,release-event,release_plus_1bd,DGS30,30-year Treasury constant maturity yield,supporting,ati_baseline_bn,"Maturity-Tilt Flow (internal `ati_baseline_bn`, USD bn)",0.371210114912017,0.2419662620659637,1.5341399736580608,0.124995221085917,46.0,46,0.1275254400331688,HAC,4,2010-02-03,2025-07-30,Unique-release fixed-horizon Maturity-Tilt Flow specification from the pre-release pricing marker to +1 business days after the official release.
release_flow_horizon_5bd,release_flow,post_2009,post_2009,release-event,release_plus_5bd,THREEFYTP10,10-year term premium proxy (THREEFYTP10),headline,ati_baseline_bn,"Maturity-Tilt Flow (internal `ati_baseline_bn`, USD bn)",-0.2408834327074519,0.1623608258343014,-1.4836302505216823,0.1379070395571058,58.0,58,0.0350710769422211,HAC,4,2010-02-03,2025-07-30,Unique-release fixed-horizon Maturity-Tilt Flow specification from the pre-release pricing marker to +5 business days after the official release.
release_flow_horizon_5bd,release_flow,post_2009,post_2009,release-event,release_plus_5bd,DGS10,10-year Treasury constant maturity yield,headline,ati_baseline_bn,"Maturity-Tilt Flow (internal `ati_baseline_bn`, USD bn)",-0.4974446046863419,0.3270857999130975,-1.5208382779640894,0.1283004260385618,58.0,58,0.0441323369933116,HAC,4,2010-02-03,2025-07-30,Unique-release fixed-horizon Maturity-Tilt Flow specification from the pre-release pricing marker to +5 business days after the official release.
release_flow_horizon_5bd,release_flow,post_2009,post_2009,release-event,release_plus_5bd,DGS30,30-year Treasury constant maturity yield,supporting,ati_baseline_bn,"Maturity-Tilt Flow (internal `ati_baseline_bn`, USD bn)",-0.3277273412542103,0.2999500102235178,-1.09260653470221,0.2745665923485504,58.0,58,0.0563683302235029,HAC,4,2010-02-03,2025-07-30,Unique-release fixed-horizon Maturity-Tilt Flow specification from the pre-release pricing marker to +5 business days after the official release.
release_flow_horizon_5bd,release_flow,post_2014,post_2014,release-event,release_plus_5bd,THREEFYTP10,10-year term premium proxy (THREEFYTP10),headline,ati_baseline_bn,"Maturity-Tilt Flow (internal `ati_baseline_bn`, USD bn)",-0.2880244650002568,0.1553855014711581,-1.853612224263526,0.0637946574554752,44.0,44,0.046786191398642,HAC,4,2014-02-05,2025-07-30,Unique-release fixed-horizon Maturity-Tilt Flow specification from the pre-release pricing marker to +5 business days after the official release.
release_flow_horizon_5bd,release_flow,post_2014,post_2014,release-event,release_plus_5bd,DGS10,10-year Treasury constant maturity yield,headline,ati_baseline_bn,"Maturity-Tilt Flow (internal `ati_baseline_bn`, USD bn)",-0.6253244548839235,0.316683665664777,-1.97460280615122,0.0483132403690161,44.0,44,0.0580112278155946,HAC,4,2014-02-05,2025-07-30,Unique-release fixed-horizon Maturity-Tilt Flow specification from the pre-release pricing marker to +5 business days after the official release.
release_flow_horizon_5bd,release_flow,post_2014,post_2014,release-event,release_plus_5bd,DGS30,30-year Treasury constant maturity yield,supporting,ati_baseline_bn,"Maturity-Tilt Flow (internal `ati_baseline_bn`, USD bn)",-0.3760544692700775,0.2958957150176645,-1.2709020448222026,0.203763498880119,44.0,44,0.0840530967454684,HAC,4,2014-02-05,2025-07-30,Unique-release fixed-horizon Maturity-Tilt Flow specification from the pre-release pricing marker to +5 business days after the official release.
release_flow_horizon_5bd,release_flow,post_2020,post_2020,release-event,release_plus_5bd,THREEFYTP10,10-year term premium proxy (THREEFYTP10),headline,ati_baseline_bn,"Maturity-Tilt Flow (internal `ati_baseline_bn`, USD bn)",-0.2165460973163013,0.1957873022885827,-1.1060272795276629,0.2687147121441247,22.0,22,0.2718057124473121,HAC,4,2020-02-05,2025-07-30,Unique-release fixed-horizon Maturity-Tilt Flow specification from the pre-release pricing marker to +5 business days after the official release.
release_flow_horizon_5bd,release_flow,post_2020,post_2020,release-event,release_plus_5bd,DGS10,10-year Treasury constant maturity yield,headline,ati_baseline_bn,"Maturity-Tilt Flow (internal `ati_baseline_bn`, USD bn)",-0.4715247921557189,0.383852593321718,-1.2284006943272627,0.2192965873702843,22.0,22,0.2701161751225166,HAC,4,2020-02-05,2025-07-30,Unique-release fixed-horizon Maturity-Tilt Flow specification from the pre-release pricing marker to +5 business days after the official release.
release_flow_horizon_5bd,release_flow,post_2020,post_2020,release-event,release_plus_5bd,DGS30,30-year Treasury constant maturity yield,supporting,ati_baseline_bn,"Maturity-Tilt Flow (internal `ati_baseline_bn`, USD bn)",-0.2911360015147451,0.3388812204216371,-0.8591092806869403,0.3902802275346411,22.0,22,0.205655357288544,HAC,4,2020-02-05,2025-07-30,Unique-release fixed-horizon Maturity-Tilt Flow specification from the pre-release pricing marker to +5 business days after the official release.
release_flow_horizon_5bd,release_flow,exclude_debt_limit,exclude_debt_limit,release-event,release_plus_5bd,THREEFYTP10,10-year term premium proxy (THREEFYTP10),headline,ati_baseline_bn,"Maturity-Tilt Flow (internal `ati_baseline_bn`, USD bn)",-0.1699421908400996,0.1848747630818925,-0.9192287146559946,0.3579759548116118,44.0,44,0.0061045920563252,HAC,4,2010-02-03,2025-07-30,Unique-release fixed-horizon Maturity-Tilt Flow specification from the pre-release pricing marker to +5 business days after the official release.
release_flow_horizon_5bd,release_flow,exclude_debt_limit,exclude_debt_limit,release-event,release_plus_5bd,DGS10,10-year Treasury constant maturity yield,headline,ati_baseline_bn,"Maturity-Tilt Flow (internal `ati_baseline_bn`, USD bn)",-0.3290717152142897,0.3957808340433437,-0.8314493449631054,0.405719832975318,44.0,44,0.0049891603039691,HAC,4,2010-02-03,2025-07-30,Unique-release fixed-horizon Maturity-Tilt Flow specification from the pre-release pricing marker to +5 business days after the official release.
release_flow_horizon_5bd,release_flow,exclude_debt_limit,exclude_debt_limit,release-event,release_plus_5bd,DGS30,30-year Treasury constant maturity yield,supporting,ati_baseline_bn,"Maturity-Tilt Flow (internal `ati_baseline_bn`, USD bn)",-0.1661051764168622,0.3473588945626402,-0.4781946828395033,0.6325116466407046,44.0,44,0.0017102427383663,HAC,4,2010-02-03,2025-07-30,Unique-release fixed-horizon Maturity-Tilt Flow specification from the pre-release pricing marker to +5 business days after the official release.
release_flow_horizon_10bd,release_flow,post_2009,post_2009,release-event,release_plus_10bd,THREEFYTP10,10-year term premium proxy (THREEFYTP10),headline,ati_baseline_bn,"Maturity-Tilt Flow (internal `ati_baseline_bn`, USD bn)",0.0803119950696329,0.2522023755864254,0.3184426589277362,0.7501491839023237,60.0,60,0.0407574430714616,HAC,4,2010-02-03,2025-07-30,Unique-release fixed-horizon Maturity-Tilt Flow specification from the pre-release pricing marker to +10 business days after the official release.
release_flow_horizon_10bd,release_flow,post_2009,post_2009,release-event,release_plus_10bd,DGS10,10-year Treasury constant maturity yield,headline,ati_baseline_bn,"Maturity-Tilt Flow (internal `ati_baseline_bn`, USD bn)",0.1791517036778993,0.5153415122210923,0.3476368571702399,0.7281129226978824,60.0,60,0.0138173121134954,HAC,4,2010-02-03,2025-07-30,Unique-release fixed-horizon Maturity-Tilt Flow specification from the pre-release pricing marker to +10 business days after the official release.
release_flow_horizon_10bd,release_flow,post_2009,post_2009,release-event,release_plus_10bd,DGS30,30-year Treasury constant maturity yield,supporting,ati_baseline_bn,"Maturity-Tilt Flow (internal `ati_baseline_bn`, USD bn)",0.1872459064874245,0.4787940742804823,0.3910781618774463,0.6957394620864964,60.0,60,0.0018483849204572,HAC,4,2010-02-03,2025-07-30,Unique-release fixed-horizon Maturity-Tilt Flow specification from the pre-release pricing marker to +10 business days after the official release.
release_flow_horizon_10bd,release_flow,post_2014,post_2014,release-event,release_plus_10bd,THREEFYTP10,10-year term premium proxy (THREEFYTP10),headline,ati_baseline_bn,"Maturity-Tilt Flow (internal `ati_baseline_bn`, USD bn)",0.0249049977404508,0.2433258535575805,0.1023524519746824,0.9184769232174,46.0,46,0.0569360976080143,HAC,4,2014-02-05,2025-07-30,Unique-release fixed-horizon Maturity-Tilt Flow specification from the pre-release pricing marker to +10 business days after the official release.
release_flow_horizon_10bd,release_flow,post_2014,post_2014,release-event,release_plus_10bd,DGS10,10-year Treasury constant maturity yield,headline,ati_baseline_bn,"Maturity-Tilt Flow (internal `ati_baseline_bn`, USD bn)",0.0442770829581722,0.4946779872051818,0.0895068794314615,0.9286790865344006,46.0,46,0.0164040059430703,HAC,4,2014-02-05,2025-07-30,Unique-release fixed-horizon Maturity-Tilt Flow specification from the pre-release pricing marker to +10 business days after the official release.
release_flow_horizon_10bd,release_flow,post_2014,post_2014,release-event,release_plus_10bd,DGS30,30-year Treasury constant maturity yield,supporting,ati_baseline_bn,"Maturity-Tilt Flow (internal `ati_baseline_bn`, USD bn)",0.0784128061549729,0.4734376907287866,0.1656243423168698,0.86845258946777,46.0,46,0.0012973913345537,HAC,4,2014-02-05,2025-07-30,Unique-release fixed-horizon Maturity-Tilt Flow specification from the pre-release pricing marker to +10 business days after the official release.
release_flow_horizon_10bd,release_flow,post_2020,post_2020,release-event,release_plus_10bd,THREEFYTP10,10-year term premium proxy (THREEFYTP10),headline,ati_baseline_bn,"Maturity-Tilt Flow (internal `ati_baseline_bn`, USD bn)",0.0487033781046941,0.1994575841175783,0.2441791236977181,0.807092094661748,23.0,23,0.2959576116692752,HAC,4,2020-02-05,2025-07-30,Unique-release fixed-horizon Maturity-Tilt Flow specification from the pre-release pricing marker to +10 business days after the official release.
release_flow_horizon_10bd,release_flow,post_2020,post_2020,release-event,release_plus_10bd,DGS10,10-year Treasury constant maturity yield,headline,ati_baseline_bn,"Maturity-Tilt Flow (internal `ati_baseline_bn`, USD bn)",0.1135076831505364,0.4209227327319224,0.2696639414408328,0.7874188036881958,23.0,23,0.2179401354715439,HAC,4,2020-02-05,2025-07-30,Unique-release fixed-horizon Maturity-Tilt Flow specification from the pre-release pricing marker to +10 business days after the official release.
release_flow_horizon_10bd,release_flow,post_2020,post_2020,release-event,release_plus_10bd,DGS30,30-year Treasury constant maturity yield,supporting,ati_baseline_bn,"Maturity-Tilt Flow (internal `ati_baseline_bn`, USD bn)",0.1761046128999642,0.4036370590166285,0.436294460496278,0.662623100478506,23.0,23,0.1284292822127027,HAC,4,2020-02-05,2025-07-30,Unique-release fixed-horizon Maturity-Tilt Flow specification from the pre-release pricing marker to +10 business days after the official release.
release_flow_horizon_10bd,release_flow,exclude_debt_limit,exclude_debt_limit,release-event,release_plus_10bd,THREEFYTP10,10-year term premium proxy (THREEFYTP10),headline,ati_baseline_bn,"Maturity-Tilt Flow (internal `ati_baseline_bn`, USD bn)",-0.0666621850283625,0.2095206281727117,-0.3181652594770369,0.7503595834785978,46.0,46,0.0080390930296598,HAC,4,2010-02-03,2025-07-30,Unique-release fixed-horizon Maturity-Tilt Flow specification from the pre-release pricing marker to +10 business days after the official release.
release_flow_horizon_10bd,release_flow,exclude_debt_limit,exclude_debt_limit,release-event,release_plus_10bd,DGS10,10-year Treasury constant maturity yield,headline,ati_baseline_bn,"Maturity-Tilt Flow (internal `ati_baseline_bn`, USD bn)",-0.0740928664149045,0.424090749000291,-0.1747099331677562,0.8613075622860158,46.0,46,0.0006576668940412,HAC,4,2010-02-03,2025-07-30,Unique-release fixed-horizon Maturity-Tilt Flow specification from the pre-release pricing marker to +10 business days after the official release.
release_flow_horizon_10bd,release_flow,exclude_debt_limit,exclude_debt_limit,release-event,release_plus_10bd,DGS30,30-year Treasury constant maturity yield,supporting,ati_baseline_bn,"Maturity-Tilt Flow (internal `ati_baseline_bn`, USD bn)",0.1289316031996084,0.3835029696458177,0.3361945366907654,0.7367241724783855,46.0,46,0.0014601152106651,HAC,4,2010-02-03,2025-07-30,Unique-release fixed-horizon Maturity-Tilt Flow specification from the pre-release pricing marker to +10 business days after the official release.
release_flow_horizon_21bd,release_flow,post_2009,post_2009,release-event,release_plus_21bd,THREEFYTP10,10-year term premium proxy (THREEFYTP10),headline,ati_baseline_bn,"Maturity-Tilt Flow (internal `ati_baseline_bn`, USD bn)",0.1639771567956371,0.3363492615895678,0.4875204899237486,0.6258895260042838,58.0,58,0.0079988247298123,HAC,4,2010-02-03,2025-07-30,Unique-release fixed-horizon Maturity-Tilt Flow specification from the pre-release pricing marker to +21 business days after the official release.
release_flow_horizon_21bd,release_flow,post_2009,post_2009,release-event,release_plus_21bd,DGS10,10-year Treasury constant maturity yield,headline,ati_baseline_bn,"Maturity-Tilt Flow (internal `ati_baseline_bn`, USD bn)",0.4184337606411797,0.6141259547878418,0.6813484389952764,0.4956510400480801,58.0,58,0.0187635986955548,HAC,4,2010-02-03,2025-07-30,Unique-release fixed-horizon Maturity-Tilt Flow specification from the pre-release pricing marker to +21 business days after the official release.
release_flow_horizon_21bd,release_flow,post_2009,post_2009,release-event,release_plus_21bd,DGS30,30-year Treasury constant maturity yield,supporting,ati_baseline_bn,"Maturity-Tilt Flow (internal `ati_baseline_bn`, USD bn)",0.679727262082134,0.5858904741663914,1.160160972149708,0.245983273573545,58.0,58,0.021251943869215,HAC,4,2010-02-03,2025-07-30,Unique-release fixed-horizon Maturity-Tilt Flow specification from the pre-release pricing marker to +21 business days after the official release.
release_flow_horizon_21bd,release_flow,post_2014,post_2014,release-event,release_plus_21bd,THREEFYTP10,10-year term premium proxy (THREEFYTP10),headline,ati_baseline_bn,"Maturity-Tilt Flow (internal `ati_baseline_bn`, USD bn)",0.1153052957774362,0.3373542158247732,0.341792959354412,0.7325067084690242,44.0,44,0.0054807674467511,HAC,4,2014-02-05,2025-07-30,Unique-release fixed-horizon Maturity-Tilt Flow specification from the pre-release pricing marker to +21 business days after the official release.
release_flow_horizon_21bd,release_flow,post_2014,post_2014,release-event,release_plus_21bd,DGS10,10-year Treasury constant maturity yield,headline,ati_baseline_bn,"Maturity-Tilt Flow (internal `ati_baseline_bn`, USD bn)",0.3242426679004392,0.6215455335945756,0.5216716240003385,0.6018989849699896,44.0,44,0.0234526564116234,HAC,4,2014-02-05,2025-07-30,Unique-release fixed-horizon Maturity-Tilt Flow specification from the pre-release pricing marker to +21 business days after the official release.
release_flow_horizon_21bd,release_flow,post_2014,post_2014,release-event,release_plus_21bd,DGS30,30-year Treasury constant maturity yield,supporting,ati_baseline_bn,"Maturity-Tilt Flow (internal `ati_baseline_bn`, USD bn)",0.5960968418932792,0.6257281716702064,0.9526450444162764,0.3407699463803056,44.0,44,0.034287856416573,HAC,4,2014-02-05,2025-07-30,Unique-release fixed-horizon Maturity-Tilt Flow specification from the pre-release pricing marker to +21 business days after the official release.
release_flow_horizon_21bd,release_flow,post_2020,post_2020,release-event,release_plus_21bd,THREEFYTP10,10-year term premium proxy (THREEFYTP10),headline,ati_baseline_bn,"Maturity-Tilt Flow (internal `ati_baseline_bn`, USD bn)",0.040292683250418,0.2497583549274599,0.1613266681794116,0.8718361201878433,22.0,22,0.0910677486768716,HAC,4,2020-02-05,2025-07-30,Unique-release fixed-horizon Maturity-Tilt Flow specification from the pre-release pricing marker to +21 business days after the official release.
release_flow_horizon_21bd,release_flow,post_2020,post_2020,release-event,release_plus_21bd,DGS10,10-year Treasury constant maturity yield,headline,ati_baseline_bn,"Maturity-Tilt Flow (internal `ati_baseline_bn`, USD bn)",0.1973260696428671,0.5307450055885804,0.3717907235397126,0.710048670943255,22.0,22,0.0390694022218922,HAC,4,2020-02-05,2025-07-30,Unique-release fixed-horizon Maturity-Tilt Flow specification from the pre-release pricing marker to +21 business days after the official release.
release_flow_horizon_21bd,release_flow,post_2020,post_2020,release-event,release_plus_21bd,DGS30,30-year Treasury constant maturity yield,supporting,ati_baseline_bn,"Maturity-Tilt Flow (internal `ati_baseline_bn`, USD bn)",0.4903318550826369,0.5809251120335044,0.844053467350121,0.3986395285946364,22.0,22,0.0205433908514426,HAC,4,2020-02-05,2025-07-30,Unique-release fixed-horizon Maturity-Tilt Flow specification from the pre-release pricing marker to +21 business days after the official release.
release_flow_horizon_21bd,release_flow,exclude_debt_limit,exclude_debt_limit,release-event,release_plus_21bd,THREEFYTP10,10-year term premium proxy (THREEFYTP10),headline,ati_baseline_bn,"Maturity-Tilt Flow (internal `ati_baseline_bn`, USD bn)",0.1393514628607282,0.298820062634795,0.4663390457522176,0.6409728343890673,45.0,45,0.0138871412057561,HAC,4,2010-02-03,2025-07-30,Unique-release fixed-horizon Maturity-Tilt Flow specification from the pre-release pricing marker to +21 business days after the official release.
release_flow_horizon_21bd,release_flow,exclude_debt_limit,exclude_debt_limit,release-event,release_plus_21bd,DGS10,10-year Treasury constant maturity yield,headline,ati_baseline_bn,"Maturity-Tilt Flow (internal `ati_baseline_bn`, USD bn)",0.4855720032167627,0.6109243008427296,0.7948153356266042,0.4267209289344982,45.0,45,0.0993829033858534,HAC,4,2010-02-03,2025-07-30,Unique-release fixed-horizon Maturity-Tilt Flow specification from the pre-release pricing marker to +21 business days after the official release.
release_flow_horizon_21bd,release_flow,exclude_debt_limit,exclude_debt_limit,release-event,release_plus_21bd,DGS30,30-year Treasury constant maturity yield,supporting,ati_baseline_bn,"Maturity-Tilt Flow (internal `ati_baseline_bn`, USD bn)",1.0233896613426998,0.5797941736846448,1.765091316525251,0.0775484198285587,45.0,45,0.1210633421719036,HAC,4,2010-02-03,2025-07-30,Unique-release fixed-horizon Maturity-Tilt Flow specification from the pre-release pricing marker to +21 business days after the official release.
release_flow_horizon_42bd,release_flow,post_2009,post_2009,release-event,release_plus_42bd,THREEFYTP10,10-year term premium proxy (THREEFYTP10),headline,ati_baseline_bn,"Maturity-Tilt Flow (internal `ati_baseline_bn`, USD bn)",-0.4036433475327541,1.04375396157364,-0.3867226974872428,0.698961510926084,54.0,54,0.0092552167361192,HAC,4,2010-02-03,2025-07-30,Unique-release fixed-horizon Maturity-Tilt Flow specification from the pre-release pricing marker to +42 business days after the official release.
release_flow_horizon_42bd,release_flow,post_2009,post_2009,release-event,release_plus_42bd,DGS10,10-year Treasury constant maturity yield,headline,ati_baseline_bn,"Maturity-Tilt Flow (internal `ati_baseline_bn`, USD bn)",-0.9064660524940444,1.9766356740914843,-0.4585903534856927,0.6465283651818583,54.0,54,0.0915971273412632,HAC,4,2010-02-03,2025-07-30,Unique-release fixed-horizon Maturity-Tilt Flow specification from the pre-release pricing marker to +42 business days after the official release.
release_flow_horizon_42bd,release_flow,post_2009,post_2009,release-event,release_plus_42bd,DGS30,30-year Treasury constant maturity yield,supporting,ati_baseline_bn,"Maturity-Tilt Flow (internal `ati_baseline_bn`, USD bn)",-0.3646644112721975,1.6675033252979343,-0.2186888660069344,0.8268924227064857,54.0,54,0.0922370523487863,HAC,4,2010-02-03,2025-07-30,Unique-release fixed-horizon Maturity-Tilt Flow specification from the pre-release pricing marker to +42 business days after the official release.
release_flow_horizon_42bd,release_flow,post_2014,post_2014,release-event,release_plus_42bd,THREEFYTP10,10-year term premium proxy (THREEFYTP10),headline,ati_baseline_bn,"Maturity-Tilt Flow (internal `ati_baseline_bn`, USD bn)",-0.3871175652094835,1.172434079543761,-0.3301827983029338,0.7412618436403607,40.0,40,0.0033560627089246,HAC,4,2014-02-05,2025-07-30,Unique-release fixed-horizon Maturity-Tilt Flow specification from the pre-release pricing marker to +42 business days after the official release.
release_flow_horizon_42bd,release_flow,post_2014,post_2014,release-event,release_plus_42bd,DGS10,10-year Treasury constant maturity yield,headline,ati_baseline_bn,"Maturity-Tilt Flow (internal `ati_baseline_bn`, USD bn)",-0.9314956386830926,2.180448628670287,-0.4272036618680399,0.6692309943937718,40.0,40,0.1310602378625734,HAC,4,2014-02-05,2025-07-30,Unique-release fixed-horizon Maturity-Tilt Flow specification from the pre-release pricing marker to +42 business days after the official release.
release_flow_horizon_42bd,release_flow,post_2014,post_2014,release-event,release_plus_42bd,DGS30,30-year Treasury constant maturity yield,supporting,ati_baseline_bn,"Maturity-Tilt Flow (internal `ati_baseline_bn`, USD bn)",-0.6095821813015101,1.7294379134359477,-0.3524741631750326,0.7244826915733122,40.0,40,0.1315559184535654,HAC,4,2014-02-05,2025-07-30,Unique-release fixed-horizon Maturity-Tilt Flow specification from the pre-release pricing marker to +42 business days after the official release.
release_flow_horizon_42bd,release_flow,post_2020,post_2020,release-event,release_plus_42bd,THREEFYTP10,10-year term premium proxy (THREEFYTP10),headline,ati_baseline_bn,"Maturity-Tilt Flow (internal `ati_baseline_bn`, USD bn)",-1.0372555548264986,1.110184508066654,-0.9343091596844936,0.3501444407962442,20.0,20,0.0349164429330642,HAC,4,2020-02-05,2025-07-30,Unique-release fixed-horizon Maturity-Tilt Flow specification from the pre-release pricing marker to +42 business days after the official release.
release_flow_horizon_42bd,release_flow,post_2020,post_2020,release-event,release_plus_42bd,DGS10,10-year Treasury constant maturity yield,headline,ati_baseline_bn,"Maturity-Tilt Flow (internal `ati_baseline_bn`, USD bn)",-2.2556035774744827,2.166449787933879,-1.0411520220949264,0.2978049987140093,20.0,20,0.1688424086966087,HAC,4,2020-02-05,2025-07-30,Unique-release fixed-horizon Maturity-Tilt Flow specification from the pre-release pricing marker to +42 business days after the official release.
release_flow_horizon_42bd,release_flow,post_2020,post_2020,release-event,release_plus_42bd,DGS30,30-year Treasury constant maturity yield,supporting,ati_baseline_bn,"Maturity-Tilt Flow (internal `ati_baseline_bn`, USD bn)",-1.7214831606514385,1.6759266975917002,-1.0271828494200863,0.3043343723635549,20.0,20,0.1604984023623681,HAC,4,2020-02-05,2025-07-30,Unique-release fixed-horizon Maturity-Tilt Flow specification from the pre-release pricing marker to +42 business days after the official release.
release_flow_horizon_42bd,release_flow,exclude_debt_limit,exclude_debt_limit,release-event,release_plus_42bd,THREEFYTP10,10-year term premium proxy (THREEFYTP10),headline,ati_baseline_bn,"Maturity-Tilt Flow (internal `ati_baseline_bn`, USD bn)",-1.0014441643419154,2.785823631692559,-0.3594786665419578,0.7192370343513064,40.0,40,0.0200767727066712,HAC,4,2010-02-03,2025-07-30,Unique-release fixed-horizon Maturity-Tilt Flow specification from the pre-release pricing marker to +42 business days after the official release.
release_flow_horizon_42bd,release_flow,exclude_debt_limit,exclude_debt_limit,release-event,release_plus_42bd,DGS10,10-year Treasury constant maturity yield,headline,ati_baseline_bn,"Maturity-Tilt Flow (internal `ati_baseline_bn`, USD bn)",-2.0328193587200536,5.317666680888339,-0.3822765661537218,0.7022562346482142,40.0,40,0.1964970255550272,HAC,4,2010-02-03,2025-07-30,Unique-release fixed-horizon Maturity-Tilt Flow specification from the pre-release pricing marker to +42 business days after the official release.
release_flow_horizon_42bd,release_flow,exclude_debt_limit,exclude_debt_limit,release-event,release_plus_42bd,DGS30,30-year Treasury constant maturity yield,supporting,ati_baseline_bn,"Maturity-Tilt Flow (internal `ati_baseline_bn`, USD bn)",0.2473955390679498,4.665653222899337,0.0530248450214251,0.9577121120916028,40.0,40,0.1728254854499152,HAC,4,2010-02-03,2025-07-30,Unique-release fixed-horizon Maturity-Tilt Flow specification from the pre-release pricing marker to +42 business days after the official release.
release_flow_baseline_63bd,release_flow,post_2009,post_2009,release-event,release_plus_63bd,THREEFYTP10,10-year term premium proxy (THREEFYTP10),headline,ati_baseline_bn,"Maturity-Tilt Flow (internal `ati_baseline_bn`, USD bn)",-0.3091465468488745,0.5662283556541086,-0.5459750359759845,0.5850830974168573,60.0,60,0.0484393362421922,HAC,4,2010-02-03,2025-07-30,Unique-release fixed-horizon Maturity-Tilt Flow specification from the pre-release pricing marker to +63 business days after the official release.
release_flow_baseline_63bd,release_flow,post_2009,post_2009,release-event,release_plus_63bd,DGS10,10-year Treasury constant maturity yield,headline,ati_baseline_bn,"Maturity-Tilt Flow (internal `ati_baseline_bn`, USD bn)",-0.7488184022447868,1.071917242136197,-0.6985785588750164,0.4848154470933843,60.0,60,0.0344352645582012,HAC,4,2010-02-03,2025-07-30,Unique-release fixed-horizon Maturity-Tilt Flow specification from the pre-release pricing marker to +63 business days after the official release.
release_flow_baseline_63bd,release_flow,post_2009,post_2009,release-event,release_plus_63bd,DGS30,30-year Treasury constant maturity yield,supporting,ati_baseline_bn,"Maturity-Tilt Flow (internal `ati_baseline_bn`, USD bn)",-0.6032569230711419,0.9108612921708346,-0.662292852112986,0.5077835568797868,60.0,60,0.0424219438160582,HAC,4,2010-02-03,2025-07-30,Unique-release fixed-horizon Maturity-Tilt Flow specification from the pre-release pricing marker to +63 business days after the official release.
release_flow_baseline_63bd,release_flow,post_2014,post_2014,release-event,release_plus_63bd,THREEFYTP10,10-year term premium proxy (THREEFYTP10),headline,ati_baseline_bn,"Maturity-Tilt Flow (internal `ati_baseline_bn`, USD bn)",-0.4077083875203648,0.5679363886915518,-0.7178768531801061,0.4728332210903511,46.0,46,0.0512359270773263,HAC,4,2014-02-05,2025-07-30,Unique-release fixed-horizon Maturity-Tilt Flow specification from the pre-release pricing marker to +63 business days after the official release.
release_flow_baseline_63bd,release_flow,post_2014,post_2014,release-event,release_plus_63bd,DGS10,10-year Treasury constant maturity yield,headline,ati_baseline_bn,"Maturity-Tilt Flow (internal `ati_baseline_bn`, USD bn)",-0.9120747092924416,1.0872056010877855,-0.8389164923174423,0.4015161722926851,46.0,46,0.0361548301932745,HAC,4,2014-02-05,2025-07-30,Unique-release fixed-horizon Maturity-Tilt Flow specification from the pre-release pricing marker to +63 business days after the official release.
release_flow_baseline_63bd,release_flow,post_2014,post_2014,release-event,release_plus_63bd,DGS30,30-year Treasury constant maturity yield,supporting,ati_baseline_bn,"Maturity-Tilt Flow (internal `ati_baseline_bn`, USD bn)",-0.7639992641766442,0.9172886370212426,-0.8328886168890278,0.4049075500805031,46.0,46,0.04372901336533,HAC,4,2014-02-05,2025-07-30,Unique-release fixed-horizon Maturity-Tilt Flow specification from the pre-release pricing marker to +63 business days after the official release.
release_flow_baseline_63bd,release_flow,post_2020,post_2020,release-event,release_plus_63bd,THREEFYTP10,10-year term premium proxy (THREEFYTP10),headline,ati_baseline_bn,"Maturity-Tilt Flow (internal `ati_baseline_bn`, USD bn)",-0.8063751871213679,0.5379342490802067,-1.499021838635778,0.1338679666879325,23.0,23,0.0976173846703973,HAC,4,2020-02-05,2025-07-30,Unique-release fixed-horizon Maturity-Tilt Flow specification from the pre-release pricing marker to +63 business days after the official release.
release_flow_baseline_63bd,release_flow,post_2020,post_2020,release-event,release_plus_63bd,DGS10,10-year Treasury constant maturity yield,headline,ati_baseline_bn,"Maturity-Tilt Flow (internal `ati_baseline_bn`, USD bn)",-1.7521069313153763,1.1074277173628544,-1.5821411220298087,0.1136173578132294,23.0,23,0.047123795984183,HAC,4,2020-02-05,2025-07-30,Unique-release fixed-horizon Maturity-Tilt Flow specification from the pre-release pricing marker to +63 business days after the official release.
release_flow_baseline_63bd,release_flow,post_2020,post_2020,release-event,release_plus_63bd,DGS30,30-year Treasury constant maturity yield,supporting,ati_baseline_bn,"Maturity-Tilt Flow (internal `ati_baseline_bn`, USD bn)",-1.6174317392152624,0.9042746440280952,-1.7886509921481444,0.0736710401756732,23.0,23,0.0652586636128589,HAC,4,2020-02-05,2025-07-30,Unique-release fixed-horizon Maturity-Tilt Flow specification from the pre-release pricing marker to +63 business days after the official release.
release_flow_baseline_63bd,release_flow,exclude_debt_limit,exclude_debt_limit,release-event,release_plus_63bd,THREEFYTP10,10-year term premium proxy (THREEFYTP10),headline,ati_baseline_bn,"Maturity-Tilt Flow (internal `ati_baseline_bn`, USD bn)",-0.7205629924895831,0.6207671661153507,-1.160762088946709,0.245738664229449,46.0,46,0.0187942719621919,HAC,4,2010-02-03,2025-07-30,Unique-release fixed-horizon Maturity-Tilt Flow specification from the pre-release pricing marker to +63 business days after the official release.
release_flow_baseline_63bd,release_flow,exclude_debt_limit,exclude_debt_limit,release-event,release_plus_63bd,DGS10,10-year Treasury constant maturity yield,headline,ati_baseline_bn,"Maturity-Tilt Flow (internal `ati_baseline_bn`, USD bn)",-1.5751807473593686,1.2940483707628734,-1.2172502844161543,0.2235090034976278,46.0,46,0.0782813977336737,HAC,4,2010-02-03,2025-07-30,Unique-release fixed-horizon Maturity-Tilt Flow specification from the pre-release pricing marker to +63 business days after the official release.
release_flow_baseline_63bd,release_flow,exclude_debt_limit,exclude_debt_limit,release-event,release_plus_63bd,DGS30,30-year Treasury constant maturity yield,supporting,ati_baseline_bn,"Maturity-Tilt Flow (internal `ati_baseline_bn`, USD bn)",-1.0944473485274138,1.1235535075385072,-0.974094550178692,0.3300095952294518,46.0,46,0.0873862516914838,HAC,4,2010-02-03,2025-07-30,Unique-release fixed-horizon Maturity-Tilt Flow specification from the pre-release pricing marker to +63 business days after the official release.
monthly_flow_baseline,monthly_flow,post_2009,post_2009,monthly,carry_forward_monthly,THREEFYTP10,10-year term premium proxy (THREEFYTP10),headline,ati_baseline_bn,"Maturity-Tilt Flow (internal `ati_baseline_bn`, USD bn)",-2.8129412457513903,1.2410416981317591,-2.266596883880646,0.0234148626286385,206.0,206,0.1163120284839357,HAC,4,2009-02-28,2026-03-31,"Monthly carry-forward Maturity-Tilt Flow specification retained as side-by-side headline context, not the main credibility anchor."
monthly_flow_baseline,monthly_flow,post_2009,post_2009,monthly,carry_forward_monthly,DGS10,10-year Treasury constant maturity yield,headline,ati_baseline_bn,"Maturity-Tilt Flow (internal `ati_baseline_bn`, USD bn)",-5.215031078483927,2.360413487527365,-2.209371835079158,0.0271487883899518,206.0,206,0.5793542933122507,HAC,4,2009-02-28,2026-03-31,"Monthly carry-forward Maturity-Tilt Flow specification retained as side-by-side headline context, not the main credibility anchor."
monthly_flow_baseline,monthly_flow,post_2009,post_2009,monthly,carry_forward_monthly,DGS30,30-year Treasury constant maturity yield,supporting,ati_baseline_bn,"Maturity-Tilt Flow (internal `ati_baseline_bn`, USD bn)",-5.3870464259775375,2.6549589106560703,-2.029050771503781,0.0424531192837714,206.0,206,0.3611784585289486,HAC,4,2009-02-28,2026-03-31,"Monthly carry-forward Maturity-Tilt Flow specification retained as side-by-side headline context, not the main credibility anchor."
monthly_flow_baseline,monthly_flow,post_2014,post_2014,monthly,carry_forward_monthly,THREEFYTP10,10-year term premium proxy (THREEFYTP10),headline,ati_baseline_bn,"Maturity-Tilt Flow (internal `ati_baseline_bn`, USD bn)",-2.109964040573814,1.0102137809697689,-2.0886312187785885,0.0367409327013122,147.0,147,0.2737206118329159,HAC,4,2014-01-31,2026-03-31,"Monthly carry-forward Maturity-Tilt Flow specification retained as side-by-side headline context, not the main credibility anchor."
monthly_flow_baseline,monthly_flow,post_2014,post_2014,monthly,carry_forward_monthly,DGS10,10-year Treasury constant maturity yield,headline,ati_baseline_bn,"Maturity-Tilt Flow (internal `ati_baseline_bn`, USD bn)",-3.89233448344965,1.8047747222583157,-2.156687167348604,0.0310300475355775,147.0,147,0.7882607798578278,HAC,4,2014-01-31,2026-03-31,"Monthly carry-forward Maturity-Tilt Flow specification retained as side-by-side headline context, not the main credibility anchor."
monthly_flow_baseline,monthly_flow,post_2014,post_2014,monthly,carry_forward_monthly,DGS30,30-year Treasury constant maturity yield,supporting,ati_baseline_bn,"Maturity-Tilt Flow (internal `ati_baseline_bn`, USD bn)",-3.806449923148227,1.708637486718276,-2.227769174407586,0.0258959114396826,147.0,147,0.6995737486425105,HAC,4,2014-01-31,2026-03-31,"Monthly carry-forward Maturity-Tilt Flow specification retained as side-by-side headline context, not the main credibility anchor."
monthly_flow_baseline,monthly_flow,post_2020,post_2020,monthly,carry_forward_monthly,THREEFYTP10,10-year term premium proxy (THREEFYTP10),headline,ati_baseline_bn,"Maturity-Tilt Flow (internal `ati_baseline_bn`, USD bn)",-2.040378449070978,0.6238131863231269,-3.2708164780827342,0.0010723747759258,75.0,75,0.5295038569937822,HAC,4,2020-01-31,2026-03-31,"Monthly carry-forward Maturity-Tilt Flow specification retained as side-by-side headline context, not the main credibility anchor."
monthly_flow_baseline,monthly_flow,post_2020,post_2020,monthly,carry_forward_monthly,DGS10,10-year Treasury constant maturity yield,headline,ati_baseline_bn,"Maturity-Tilt Flow (internal `ati_baseline_bn`, USD bn)",-3.7566898777513504,1.1036850153509905,-3.4037699393396768,0.0006646270601914,75.0,75,0.8742829480669185,HAC,4,2020-01-31,2026-03-31,"Monthly carry-forward Maturity-Tilt Flow specification retained as side-by-side headline context, not the main credibility anchor."
monthly_flow_baseline,monthly_flow,post_2020,post_2020,monthly,carry_forward_monthly,DGS30,30-year Treasury constant maturity yield,supporting,ati_baseline_bn,"Maturity-Tilt Flow (internal `ati_baseline_bn`, USD bn)",-3.485971508928106,1.0828237931063327,-3.219334051506001,0.0012848870700429,75.0,75,0.8440791828031403,HAC,4,2020-01-31,2026-03-31,"Monthly carry-forward Maturity-Tilt Flow specification retained as side-by-side headline context, not the main credibility anchor."
monthly_flow_baseline,monthly_flow,exclude_debt_limit,exclude_debt_limit,monthly,carry_forward_monthly,THREEFYTP10,10-year term premium proxy (THREEFYTP10),headline,ati_baseline_bn,"Maturity-Tilt Flow (internal `ati_baseline_bn`, USD bn)",-3.7164065486355655,1.3189673270963496,-2.817663843741358,0.0048374426538956,165.0,165,0.088882646776329,HAC,4,2009-02-28,2026-03-31,"Monthly carry-forward Maturity-Tilt Flow specification retained as side-by-side headline context, not the main credibility anchor."
monthly_flow_baseline,monthly_flow,exclude_debt_limit,exclude_debt_limit,monthly,carry_forward_monthly,DGS10,10-year Treasury constant maturity yield,headline,ati_baseline_bn,"Maturity-Tilt Flow (internal `ati_baseline_bn`, USD bn)",-7.041092404322202,2.4772683118141625,-2.842280898981767,0.004479200710109,165.0,165,0.5119402403790878,HAC,4,2009-02-28,2026-03-31,"Monthly carry-forward Maturity-Tilt Flow specification retained as side-by-side headline context, not the main credibility anchor."
monthly_flow_baseline,monthly_flow,exclude_debt_limit,exclude_debt_limit,monthly,carry_forward_monthly,DGS30,30-year Treasury constant maturity yield,supporting,ati_baseline_bn,"Maturity-Tilt Flow (internal `ati_baseline_bn`, USD bn)",-7.445193589901308,2.888348761088975,-2.5776643354849904,0.0099470570712737,165.0,165,0.2885217459776491,HAC,4,2009-02-28,2026-03-31,"Monthly carry-forward Maturity-Tilt Flow specification retained as side-by-side headline context, not the main credibility anchor."
monthly_stock_baseline,monthly_stock,post_2009,post_2009,monthly,carry_forward_monthly,THREEFYTP10,10-year term premium proxy (THREEFYTP10),headline,stock_excess_bills_bn,"Excess Bills Stock (internal `stock_excess_bills_bn`, USD bn)",0.8348280777935694,1.162626501681806,0.7180535422046054,0.472724273940835,207.0,207,0.0865941283541469,HAC,4,2009-01-31,2026-03-31,Monthly stock specification using Excess Bills Stock after policy-rate and debt-limit controls.
monthly_stock_baseline,monthly_stock,post_2009,post_2009,monthly,carry_forward_monthly,DGS10,10-year Treasury constant maturity yield,headline,stock_excess_bills_bn,"Excess Bills Stock (internal `stock_excess_bills_bn`, USD bn)",1.495400180561965,2.111025101267702,0.7083763142673931,0.4787115972563814,207.0,207,0.5631269904779896,HAC,4,2009-01-31,2026-03-31,Monthly stock specification using Excess Bills Stock after policy-rate and debt-limit controls.
monthly_stock_baseline,monthly_stock,post_2009,post_2009,monthly,carry_forward_monthly,DGS30,30-year Treasury constant maturity yield,supporting,stock_excess_bills_bn,"Excess Bills Stock (internal `stock_excess_bills_bn`, USD bn)",2.512626370423789,2.3520610563302964,1.0682657933820847,0.2854006338685338,207.0,207,0.3619257218960032,HAC,4,2009-01-31,2026-03-31,Monthly stock specification using Excess Bills Stock after policy-rate and debt-limit controls.
monthly_stock_baseline,monthly_stock,post_2014,post_2014,monthly,carry_forward_monthly,THREEFYTP10,10-year term premium proxy (THREEFYTP10),headline,stock_excess_bills_bn,"Excess Bills Stock (internal `stock_excess_bills_bn`, USD bn)",-0.9966266783344712,0.7843659518218533,-1.2706144064764644,0.2038658592231503,147.0,147,0.2667864857878597,HAC,4,2014-01-31,2026-03-31,Monthly stock specification using Excess Bills Stock after policy-rate and debt-limit controls.
monthly_stock_baseline,monthly_stock,post_2014,post_2014,monthly,carry_forward_monthly,DGS10,10-year Treasury constant maturity yield,headline,stock_excess_bills_bn,"Excess Bills Stock (internal `stock_excess_bills_bn`, USD bn)",-1.7224697195878438,1.428262098412984,-1.2059899380525247,0.2278213701287177,147.0,147,0.7847036559155318,HAC,4,2014-01-31,2026-03-31,Monthly stock specification using Excess Bills Stock after policy-rate and debt-limit controls.
monthly_stock_baseline,monthly_stock,post_2014,post_2014,monthly,carry_forward_monthly,DGS30,30-year Treasury constant maturity yield,supporting,stock_excess_bills_bn,"Excess Bills Stock (internal `stock_excess_bills_bn`, USD bn)",-0.9210081352170122,1.54207487090926,-0.5972525411000015,0.5503387850387852,147.0,147,0.6851496872777443,HAC,4,2014-01-31,2026-03-31,Monthly stock specification using Excess Bills Stock after policy-rate and debt-limit controls.
monthly_stock_baseline,monthly_stock,post_2020,post_2020,monthly,carry_forward_monthly,THREEFYTP10,10-year term premium proxy (THREEFYTP10),headline,stock_excess_bills_bn,"Excess Bills Stock (internal `stock_excess_bills_bn`, USD bn)",-0.3604995241765978,0.994459678150011,-0.3625079348086124,0.7169724950767193,75.0,75,0.4693418940357098,HAC,4,2020-01-31,2026-03-31,Monthly stock specification using Excess Bills Stock after policy-rate and debt-limit controls.
monthly_stock_baseline,monthly_stock,post_2020,post_2020,monthly,carry_forward_monthly,DGS10,10-year Treasury constant maturity yield,headline,stock_excess_bills_bn,"Excess Bills Stock (internal `stock_excess_bills_bn`, USD bn)",-0.6489428757166247,1.855980581765293,-0.349649604145853,0.7266016790926191,75.0,75,0.8589661660398715,HAC,4,2020-01-31,2026-03-31,Monthly stock specification using Excess Bills Stock after policy-rate and debt-limit controls.
monthly_stock_baseline,monthly_stock,post_2020,post_2020,monthly,carry_forward_monthly,DGS30,30-year Treasury constant maturity yield,supporting,stock_excess_bills_bn,"Excess Bills Stock (internal `stock_excess_bills_bn`, USD bn)",1.292942673110299,1.6756355184730936,0.7716133125946628,0.4403434871635344,75.0,75,0.831644456316464,HAC,4,2020-01-31,2026-03-31,Monthly stock specification using Excess Bills Stock after policy-rate and debt-limit controls.
monthly_stock_baseline,monthly_stock,exclude_debt_limit,exclude_debt_limit,monthly,carry_forward_monthly,THREEFYTP10,10-year term premium proxy (THREEFYTP10),headline,stock_excess_bills_bn,"Excess Bills Stock (internal `stock_excess_bills_bn`, USD bn)",0.6419625577386887,1.456280628052306,0.4408233862159368,0.6593408616610104,166.0,166,0.0206721576076921,HAC,4,2009-01-31,2026-03-31,Monthly stock specification using Excess Bills Stock after policy-rate and debt-limit controls.
monthly_stock_baseline,monthly_stock,exclude_debt_limit,exclude_debt_limit,monthly,carry_forward_monthly,DGS10,10-year Treasury constant maturity yield,headline,stock_excess_bills_bn,"Excess Bills Stock (internal `stock_excess_bills_bn`, USD bn)",1.157107521096739,2.6434840746896033,0.4377206324697099,0.6615888110027149,166.0,166,0.4708050770151984,HAC,4,2009-01-31,2026-03-31,Monthly stock specification using Excess Bills Stock after policy-rate and debt-limit controls.
monthly_stock_baseline,monthly_stock,exclude_debt_limit,exclude_debt_limit,monthly,carry_forward_monthly,DGS30,30-year Treasury constant maturity yield,supporting,stock_excess_bills_bn,"Excess Bills Stock (internal `stock_excess_bills_bn`, USD bn)",2.4385691308952393,2.9972816175468804,0.8135935964839639,0.4158778075101017,166.0,166,0.2609891969350688,HAC,4,2009-01-31,2026-03-31,Monthly stock specification using Excess Bills Stock after policy-rate and debt-limit controls.
weekly_duration_baseline,weekly_duration,post_2009,post_2009,weekly (W-WED),weekly_duration_window,THREEFYTP10,10-year term premium proxy (THREEFYTP10),headline,headline_public_duration_supply,Public Duration Supply (USD bn),-1.642258255836368,3.580725959452629,-0.4586383527901737,0.6464938902790097,884.0,884,0.0581613929345529,HAC,4,2009-01-07,2026-03-11,"Weekly reduced-form specification using Public Duration Supply with QT, buybacks, TGA, and policy-rate controls."
weekly_duration_baseline,weekly_duration,post_2009,post_2009,weekly (W-WED),weekly_duration_window,DGS10,10-year Treasury constant maturity yield,headline,headline_public_duration_supply,Public Duration Supply (USD bn),-2.482540094477823,6.679878160381655,-0.3716445172910134,0.7101575393569428,885.0,885,0.5376284469148342,HAC,4,2009-01-07,2026-03-18,"Weekly reduced-form specification using Public Duration Supply with QT, buybacks, TGA, and policy-rate controls."
weekly_duration_baseline,weekly_duration,post_2009,post_2009,weekly (W-WED),weekly_duration_window,DGS30,30-year Treasury constant maturity yield,supporting,headline_public_duration_supply,Public Duration Supply (USD bn),-3.288168714598619,7.671030477899457,-0.4286475883614286,0.6681797080113865,885.0,885,0.3058908447002458,HAC,4,2009-01-07,2026-03-18,"Weekly reduced-form specification using Public Duration Supply with QT, buybacks, TGA, and policy-rate controls."
weekly_duration_baseline,weekly_duration,post_2014,post_2014,weekly (W-WED),weekly_duration_window,THREEFYTP10,10-year term premium proxy (THREEFYTP10),headline,headline_public_duration_supply,Public Duration Supply (USD bn),-9.912004019398744,2.638217381060415,-3.757083889506738,0.0001719048816588,627.0,627,0.2605958329663079,HAC,4,2014-01-08,2026-03-11,"Weekly reduced-form specification using Public Duration Supply with QT, buybacks, TGA, and policy-rate controls."
weekly_duration_baseline,weekly_duration,post_2014,post_2014,weekly (W-WED),weekly_duration_window,DGS10,10-year Treasury constant maturity yield,headline,headline_public_duration_supply,Public Duration Supply (USD bn),-16.822184212497305,4.7260573064720175,-3.559454133038221,0.0003716264283443,628.0,628,0.7813906666849627,HAC,4,2014-01-08,2026-03-18,"Weekly reduced-form specification using Public Duration Supply with QT, buybacks, TGA, and policy-rate controls."
weekly_duration_baseline,weekly_duration,post_2014,post_2014,weekly (W-WED),weekly_duration_window,DGS30,30-year Treasury constant maturity yield,supporting,headline_public_duration_supply,Public Duration Supply (USD bn),-18.164024784171044,4.699446291937821,-3.8651414774826782,0.0001110248250687,628.0,628,0.6987629457324139,HAC,4,2014-01-08,2026-03-18,"Weekly reduced-form specification using Public Duration Supply with QT, buybacks, TGA, and policy-rate controls."
weekly_duration_baseline,weekly_duration,post_2020,post_2020,weekly (W-WED),weekly_duration_window,THREEFYTP10,10-year term premium proxy (THREEFYTP10),headline,headline_public_duration_supply,Public Duration Supply (USD bn),-0.7776014610263096,2.9059725122442464,-0.2675873421891997,0.7890169752364471,319.0,319,0.4967545962580252,HAC,4,2020-01-08,2026-03-11,"Weekly reduced-form specification using Public Duration Supply with QT, buybacks, TGA, and policy-rate controls."
weekly_duration_baseline,weekly_duration,post_2020,post_2020,weekly (W-WED),weekly_duration_window,DGS10,10-year Treasury constant maturity yield,headline,headline_public_duration_supply,Public Duration Supply (USD bn),-1.5188394842812851,5.465045517918746,-0.2779189083240618,0.781074608734164,320.0,320,0.8692953949277655,HAC,4,2020-01-08,2026-03-18,"Weekly reduced-form specification using Public Duration Supply with QT, buybacks, TGA, and policy-rate controls."
weekly_duration_baseline,weekly_duration,post_2020,post_2020,weekly (W-WED),weekly_duration_window,DGS30,30-year Treasury constant maturity yield,supporting,headline_public_duration_supply,Public Duration Supply (USD bn),2.587183525073403,5.0749065228967405,0.5097992472177886,0.6101921131326147,320.0,320,0.8563917056104541,HAC,4,2020-01-08,2026-03-18,"Weekly reduced-form specification using Public Duration Supply with QT, buybacks, TGA, and policy-rate controls."
weekly_duration_baseline,weekly_duration,exclude_debt_limit,exclude_debt_limit,weekly (W-WED),weekly_duration_window,THREEFYTP10,10-year term premium proxy (THREEFYTP10),headline,headline_public_duration_supply,Public Duration Supply (USD bn),-22.794194351156584,6.308935082597292,-3.613001885854334,0.0003026725014651,1016.0,1016,0.0956688487570259,HAC,4,2003-01-08,2026-03-11,"Weekly reduced-form specification using Public Duration Supply with QT, buybacks, TGA, and policy-rate controls."
weekly_duration_baseline,weekly_duration,exclude_debt_limit,exclude_debt_limit,weekly (W-WED),weekly_duration_window,DGS10,10-year Treasury constant maturity yield,headline,headline_public_duration_supply,Public Duration Supply (USD bn),-35.89097093905289,11.57007404025759,-3.1020519673574913,0.0019218421744253,1017.0,1017,0.5534678562821524,HAC,4,2003-01-08,2026-03-18,"Weekly reduced-form specification using Public Duration Supply with QT, buybacks, TGA, and policy-rate controls."
weekly_duration_baseline,weekly_duration,exclude_debt_limit,exclude_debt_limit,weekly (W-WED),weekly_duration_window,DGS30,30-year Treasury constant maturity yield,supporting,headline_public_duration_supply,Public Duration Supply (USD bn),-40.32739675908019,13.086312397902882,-3.0816471082826027,0.0020585872857759,1017.0,1017,0.3201616622452534,HAC,4,2003-01-08,2026-03-18,"Weekly reduced-form specification using Public Duration Supply with QT, buybacks, TGA, and policy-rate controls."
