model_id,model_family,model_mode,panel_key,panel_frequency,window_definition,anchor_role,dependent_variable,dependent_label,outcome_role,term,coef,std_err,t_stat,p_value,nobs,effective_shock_count,rsquared,term_role,term_label,term_units,outcome_units,cov_type,cov_maxlags,term_mode,sample_start,sample_end,notes
release_flow_horizon_1bd,release_flow,headline_baseline,pricing_release_flow_panel,release-event,release_plus_1bd,supporting,THREEFYTP10,10-year term premium proxy (THREEFYTP10),headline,const,-1.1784150869476724,0.6026256921409252,-1.9554677178816624,0.0505278900674022,60.0,60,0.0325023067890252,intercept,const,,basis points,HAC,4,baseline,2010-02-03,2025-07-30,Unique-release fixed-horizon Maturity-Tilt Flow specification from the pre-release pricing marker to +1 business days after the official release.
release_flow_horizon_1bd,release_flow,headline_baseline,pricing_release_flow_panel,release-event,release_plus_1bd,supporting,THREEFYTP10,10-year term premium proxy (THREEFYTP10),headline,ati_baseline_bn,-0.0400502147533687,0.0887400802824709,-0.4513204701402551,0.6517585935023953,60.0,60,0.0325023067890252,primary_predictor,Maturity-Tilt Flow (USD bn),USD 100bn,basis points,HAC,4,baseline,2010-02-03,2025-07-30,Unique-release fixed-horizon Maturity-Tilt Flow specification from the pre-release pricing marker to +1 business days after the official release.
release_flow_horizon_1bd,release_flow,headline_baseline,pricing_release_flow_panel,release-event,release_plus_1bd,supporting,THREEFYTP10,10-year term premium proxy (THREEFYTP10),headline,delta_dff_release_plus_1bd,5.0088174983519576,2.10828477886085,2.375778428310015,0.0175119749438796,60.0,60,0.0325023067890252,control,Change in DFF from release marker to +1 business days,Percent,basis points,HAC,4,baseline,2010-02-03,2025-07-30,Unique-release fixed-horizon Maturity-Tilt Flow specification from the pre-release pricing marker to +1 business days after the official release.
release_flow_horizon_1bd,release_flow,headline_baseline,pricing_release_flow_panel,release-event,release_plus_1bd,supporting,THREEFYTP10,10-year term premium proxy (THREEFYTP10),headline,debt_limit_dummy,-0.800947668876129,1.1806649076517042,-0.6783869527122495,0.4975263794808683,60.0,60,0.0325023067890252,control,Debt-limit period dummy,Indicator,basis points,HAC,4,baseline,2010-02-03,2025-07-30,Unique-release fixed-horizon Maturity-Tilt Flow specification from the pre-release pricing marker to +1 business days after the official release.
release_flow_horizon_1bd,release_flow,headline_baseline,pricing_release_flow_panel,release-event,release_plus_1bd,supporting,DGS10,10-year Treasury constant maturity yield,headline,const,-2.4054387293407764,1.2332888412391758,-1.950426087471817,0.0511253550216147,60.0,60,0.0691233446220204,intercept,const,,basis points,HAC,4,baseline,2010-02-03,2025-07-30,Unique-release fixed-horizon Maturity-Tilt Flow specification from the pre-release pricing marker to +1 business days after the official release.
release_flow_horizon_1bd,release_flow,headline_baseline,pricing_release_flow_panel,release-event,release_plus_1bd,supporting,DGS10,10-year Treasury constant maturity yield,headline,ati_baseline_bn,0.0577731762767166,0.165951304225294,0.3481333066131511,0.7277400719221404,60.0,60,0.0691233446220204,primary_predictor,Maturity-Tilt Flow (USD bn),USD 100bn,basis points,HAC,4,baseline,2010-02-03,2025-07-30,Unique-release fixed-horizon Maturity-Tilt Flow specification from the pre-release pricing marker to +1 business days after the official release.
release_flow_horizon_1bd,release_flow,headline_baseline,pricing_release_flow_panel,release-event,release_plus_1bd,supporting,DGS10,10-year Treasury constant maturity yield,headline,delta_dff_release_plus_1bd,16.309511679446953,5.8419838494833725,2.791776235548693,0.0052419592662085,60.0,60,0.0691233446220204,control,Change in DFF from release marker to +1 business days,Percent,basis points,HAC,4,baseline,2010-02-03,2025-07-30,Unique-release fixed-horizon Maturity-Tilt Flow specification from the pre-release pricing marker to +1 business days after the official release.
release_flow_horizon_1bd,release_flow,headline_baseline,pricing_release_flow_panel,release-event,release_plus_1bd,supporting,DGS10,10-year Treasury constant maturity yield,headline,debt_limit_dummy,-1.3579010153950843,2.348113088469436,-0.5782945557703957,0.5630652694126471,60.0,60,0.0691233446220204,control,Debt-limit period dummy,Indicator,basis points,HAC,4,baseline,2010-02-03,2025-07-30,Unique-release fixed-horizon Maturity-Tilt Flow specification from the pre-release pricing marker to +1 business days after the official release.
release_flow_horizon_5bd,release_flow,headline_baseline,pricing_release_flow_panel,release-event,release_plus_5bd,supporting,THREEFYTP10,10-year term premium proxy (THREEFYTP10),headline,const,-0.7085530893160082,1.0226509937762076,-0.6928591412204356,0.4883979531685199,58.0,58,0.0350710769422211,intercept,const,,basis points,HAC,4,baseline,2010-02-03,2025-07-30,Unique-release fixed-horizon Maturity-Tilt Flow specification from the pre-release pricing marker to +5 business days after the official release.
release_flow_horizon_5bd,release_flow,headline_baseline,pricing_release_flow_panel,release-event,release_plus_5bd,supporting,THREEFYTP10,10-year term premium proxy (THREEFYTP10),headline,ati_baseline_bn,-0.2408834327074519,0.1623608258343014,-1.4836302505216823,0.1379070395571058,58.0,58,0.0350710769422211,primary_predictor,Maturity-Tilt Flow (USD bn),USD 100bn,basis points,HAC,4,baseline,2010-02-03,2025-07-30,Unique-release fixed-horizon Maturity-Tilt Flow specification from the pre-release pricing marker to +5 business days after the official release.
release_flow_horizon_5bd,release_flow,headline_baseline,pricing_release_flow_panel,release-event,release_plus_5bd,supporting,THREEFYTP10,10-year term premium proxy (THREEFYTP10),headline,delta_dff_release_plus_5bd,4.785859701159136,6.069663432391059,0.788488481193069,0.430411033648495,58.0,58,0.0350710769422211,control,Change in DFF from release marker to +5 business days,Percent,basis points,HAC,4,baseline,2010-02-03,2025-07-30,Unique-release fixed-horizon Maturity-Tilt Flow specification from the pre-release pricing marker to +5 business days after the official release.
release_flow_horizon_5bd,release_flow,headline_baseline,pricing_release_flow_panel,release-event,release_plus_5bd,supporting,THREEFYTP10,10-year term premium proxy (THREEFYTP10),headline,debt_limit_dummy,1.8475693555573431,2.4654971140130706,0.7493699120783268,0.4536342805263795,58.0,58,0.0350710769422211,control,Debt-limit period dummy,Indicator,basis points,HAC,4,baseline,2010-02-03,2025-07-30,Unique-release fixed-horizon Maturity-Tilt Flow specification from the pre-release pricing marker to +5 business days after the official release.
release_flow_horizon_5bd,release_flow,headline_baseline,pricing_release_flow_panel,release-event,release_plus_5bd,supporting,DGS10,10-year Treasury constant maturity yield,headline,const,-1.3476180609274786,2.059069402949127,-0.6544791831675688,0.5128031343502988,58.0,58,0.0441323369933116,intercept,const,,basis points,HAC,4,baseline,2010-02-03,2025-07-30,Unique-release fixed-horizon Maturity-Tilt Flow specification from the pre-release pricing marker to +5 business days after the official release.
release_flow_horizon_5bd,release_flow,headline_baseline,pricing_release_flow_panel,release-event,release_plus_5bd,supporting,DGS10,10-year Treasury constant maturity yield,headline,ati_baseline_bn,-0.4974446046863419,0.3270857999130975,-1.5208382779640894,0.1283004260385618,58.0,58,0.0441323369933116,primary_predictor,Maturity-Tilt Flow (USD bn),USD 100bn,basis points,HAC,4,baseline,2010-02-03,2025-07-30,Unique-release fixed-horizon Maturity-Tilt Flow specification from the pre-release pricing marker to +5 business days after the official release.
release_flow_horizon_5bd,release_flow,headline_baseline,pricing_release_flow_panel,release-event,release_plus_5bd,supporting,DGS10,10-year Treasury constant maturity yield,headline,delta_dff_release_plus_5bd,14.05348150425894,13.903495394324548,1.0107876548796224,0.3121180729633475,58.0,58,0.0441323369933116,control,Change in DFF from release marker to +5 business days,Percent,basis points,HAC,4,baseline,2010-02-03,2025-07-30,Unique-release fixed-horizon Maturity-Tilt Flow specification from the pre-release pricing marker to +5 business days after the official release.
release_flow_horizon_5bd,release_flow,headline_baseline,pricing_release_flow_panel,release-event,release_plus_5bd,supporting,DGS10,10-year Treasury constant maturity yield,headline,debt_limit_dummy,3.576378791115787,4.844321739479055,0.7382620278851217,0.4603552364564225,58.0,58,0.0441323369933116,control,Debt-limit period dummy,Indicator,basis points,HAC,4,baseline,2010-02-03,2025-07-30,Unique-release fixed-horizon Maturity-Tilt Flow specification from the pre-release pricing marker to +5 business days after the official release.
release_flow_horizon_10bd,release_flow,headline_baseline,pricing_release_flow_panel,release-event,release_plus_10bd,supporting,THREEFYTP10,10-year term premium proxy (THREEFYTP10),headline,const,0.2735047127105127,1.2201668284751117,0.224153538948704,0.8226378341388358,60.0,60,0.0407574430714616,intercept,const,,basis points,HAC,4,baseline,2010-02-03,2025-07-30,Unique-release fixed-horizon Maturity-Tilt Flow specification from the pre-release pricing marker to +10 business days after the official release.
release_flow_horizon_10bd,release_flow,headline_baseline,pricing_release_flow_panel,release-event,release_plus_10bd,supporting,THREEFYTP10,10-year term premium proxy (THREEFYTP10),headline,ati_baseline_bn,0.0803119950696329,0.2522023755864254,0.3184426589277362,0.7501491839023237,60.0,60,0.0407574430714616,primary_predictor,Maturity-Tilt Flow (USD bn),USD 100bn,basis points,HAC,4,baseline,2010-02-03,2025-07-30,Unique-release fixed-horizon Maturity-Tilt Flow specification from the pre-release pricing marker to +10 business days after the official release.
release_flow_horizon_10bd,release_flow,headline_baseline,pricing_release_flow_panel,release-event,release_plus_10bd,supporting,THREEFYTP10,10-year term premium proxy (THREEFYTP10),headline,delta_dff_release_plus_10bd,-13.717888546846574,11.74859643745809,-1.1676193509472998,0.2429603410742444,60.0,60,0.0407574430714616,control,Change in DFF from release marker to +10 business days,Percent,basis points,HAC,4,baseline,2010-02-03,2025-07-30,Unique-release fixed-horizon Maturity-Tilt Flow specification from the pre-release pricing marker to +10 business days after the official release.
release_flow_horizon_10bd,release_flow,headline_baseline,pricing_release_flow_panel,release-event,release_plus_10bd,supporting,THREEFYTP10,10-year term premium proxy (THREEFYTP10),headline,debt_limit_dummy,2.518078682928039,3.627683700832835,0.6941285102529596,0.4876016205185267,60.0,60,0.0407574430714616,control,Debt-limit period dummy,Indicator,basis points,HAC,4,baseline,2010-02-03,2025-07-30,Unique-release fixed-horizon Maturity-Tilt Flow specification from the pre-release pricing marker to +10 business days after the official release.
release_flow_horizon_10bd,release_flow,headline_baseline,pricing_release_flow_panel,release-event,release_plus_10bd,supporting,DGS10,10-year Treasury constant maturity yield,headline,const,0.5190334438932983,2.393847602976849,0.2168197521211703,0.8283488181370298,60.0,60,0.0138173121134954,intercept,const,,basis points,HAC,4,baseline,2010-02-03,2025-07-30,Unique-release fixed-horizon Maturity-Tilt Flow specification from the pre-release pricing marker to +10 business days after the official release.
release_flow_horizon_10bd,release_flow,headline_baseline,pricing_release_flow_panel,release-event,release_plus_10bd,supporting,DGS10,10-year Treasury constant maturity yield,headline,ati_baseline_bn,0.1791517036778993,0.5153415122210923,0.3476368571702399,0.7281129226978824,60.0,60,0.0138173121134954,primary_predictor,Maturity-Tilt Flow (USD bn),USD 100bn,basis points,HAC,4,baseline,2010-02-03,2025-07-30,Unique-release fixed-horizon Maturity-Tilt Flow specification from the pre-release pricing marker to +10 business days after the official release.
release_flow_horizon_10bd,release_flow,headline_baseline,pricing_release_flow_panel,release-event,release_plus_10bd,supporting,DGS10,10-year Treasury constant maturity yield,headline,delta_dff_release_plus_10bd,-13.728612181201711,25.562112658378243,-0.5370687612826094,0.591220118005201,60.0,60,0.0138173121134954,control,Change in DFF from release marker to +10 business days,Percent,basis points,HAC,4,baseline,2010-02-03,2025-07-30,Unique-release fixed-horizon Maturity-Tilt Flow specification from the pre-release pricing marker to +10 business days after the official release.
release_flow_horizon_10bd,release_flow,headline_baseline,pricing_release_flow_panel,release-event,release_plus_10bd,supporting,DGS10,10-year Treasury constant maturity yield,headline,debt_limit_dummy,3.790786652512831,7.452847147638379,0.5086360390088017,0.6110073628480088,60.0,60,0.0138173121134954,control,Debt-limit period dummy,Indicator,basis points,HAC,4,baseline,2010-02-03,2025-07-30,Unique-release fixed-horizon Maturity-Tilt Flow specification from the pre-release pricing marker to +10 business days after the official release.
release_flow_horizon_21bd,release_flow,headline_baseline,pricing_release_flow_panel,release-event,release_plus_21bd,supporting,THREEFYTP10,10-year term premium proxy (THREEFYTP10),headline,const,-1.013487597423243,1.5572676170537647,-0.650811450982771,0.5151682073979218,58.0,58,0.0079988247298123,intercept,const,,basis points,HAC,4,baseline,2010-02-03,2025-07-30,Unique-release fixed-horizon Maturity-Tilt Flow specification from the pre-release pricing marker to +21 business days after the official release.
release_flow_horizon_21bd,release_flow,headline_baseline,pricing_release_flow_panel,release-event,release_plus_21bd,supporting,THREEFYTP10,10-year term premium proxy (THREEFYTP10),headline,ati_baseline_bn,0.1639771567956371,0.3363492615895678,0.4875204899237486,0.6258895260042838,58.0,58,0.0079988247298123,primary_predictor,Maturity-Tilt Flow (USD bn),USD 100bn,basis points,HAC,4,baseline,2010-02-03,2025-07-30,Unique-release fixed-horizon Maturity-Tilt Flow specification from the pre-release pricing marker to +21 business days after the official release.
release_flow_horizon_21bd,release_flow,headline_baseline,pricing_release_flow_panel,release-event,release_plus_21bd,supporting,THREEFYTP10,10-year term premium proxy (THREEFYTP10),headline,delta_dff_release_plus_21bd,-6.6832675184372246,23.08589518545743,-0.2894957057003029,0.7722020656330547,58.0,58,0.0079988247298123,control,Change in DFF from release marker to +21 business days,Percent,basis points,HAC,4,baseline,2010-02-03,2025-07-30,Unique-release fixed-horizon Maturity-Tilt Flow specification from the pre-release pricing marker to +21 business days after the official release.
release_flow_horizon_21bd,release_flow,headline_baseline,pricing_release_flow_panel,release-event,release_plus_21bd,supporting,THREEFYTP10,10-year term premium proxy (THREEFYTP10),headline,debt_limit_dummy,2.0447200113182693,5.025812128693685,0.4068437018655003,0.6841227870199976,58.0,58,0.0079988247298123,control,Debt-limit period dummy,Indicator,basis points,HAC,4,baseline,2010-02-03,2025-07-30,Unique-release fixed-horizon Maturity-Tilt Flow specification from the pre-release pricing marker to +21 business days after the official release.
release_flow_horizon_21bd,release_flow,headline_baseline,pricing_release_flow_panel,release-event,release_plus_21bd,supporting,DGS10,10-year Treasury constant maturity yield,headline,const,-1.791878166922669,2.949489065375664,-0.60752154939569,0.5435048460379772,58.0,58,0.0187635986955548,intercept,const,,basis points,HAC,4,baseline,2010-02-03,2025-07-30,Unique-release fixed-horizon Maturity-Tilt Flow specification from the pre-release pricing marker to +21 business days after the official release.
release_flow_horizon_21bd,release_flow,headline_baseline,pricing_release_flow_panel,release-event,release_plus_21bd,supporting,DGS10,10-year Treasury constant maturity yield,headline,ati_baseline_bn,0.4184337606411797,0.6141259547878418,0.6813484389952764,0.4956510400480801,58.0,58,0.0187635986955548,primary_predictor,Maturity-Tilt Flow (USD bn),USD 100bn,basis points,HAC,4,baseline,2010-02-03,2025-07-30,Unique-release fixed-horizon Maturity-Tilt Flow specification from the pre-release pricing marker to +21 business days after the official release.
release_flow_horizon_21bd,release_flow,headline_baseline,pricing_release_flow_panel,release-event,release_plus_21bd,supporting,DGS10,10-year Treasury constant maturity yield,headline,delta_dff_release_plus_21bd,20.06634432696716,53.05774785111323,0.3781981923408409,0.7052833682201722,58.0,58,0.0187635986955548,control,Change in DFF from release marker to +21 business days,Percent,basis points,HAC,4,baseline,2010-02-03,2025-07-30,Unique-release fixed-horizon Maturity-Tilt Flow specification from the pre-release pricing marker to +21 business days after the official release.
release_flow_horizon_21bd,release_flow,headline_baseline,pricing_release_flow_panel,release-event,release_plus_21bd,supporting,DGS10,10-year Treasury constant maturity yield,headline,debt_limit_dummy,2.1583698962294795,9.37377008887777,0.230256329712038,0.8178925927487641,58.0,58,0.0187635986955548,control,Debt-limit period dummy,Indicator,basis points,HAC,4,baseline,2010-02-03,2025-07-30,Unique-release fixed-horizon Maturity-Tilt Flow specification from the pre-release pricing marker to +21 business days after the official release.
release_flow_horizon_42bd,release_flow,headline_baseline,pricing_release_flow_panel,release-event,release_plus_42bd,supporting,THREEFYTP10,10-year term premium proxy (THREEFYTP10),headline,const,-1.2608023714835972,2.30657409416311,-0.5466125604523673,0.5846449379826806,54.0,54,0.0092552167361192,intercept,const,,basis points,HAC,4,baseline,2010-02-03,2025-07-30,Unique-release fixed-horizon Maturity-Tilt Flow specification from the pre-release pricing marker to +42 business days after the official release.
release_flow_horizon_42bd,release_flow,headline_baseline,pricing_release_flow_panel,release-event,release_plus_42bd,supporting,THREEFYTP10,10-year term premium proxy (THREEFYTP10),headline,ati_baseline_bn,-0.4036433475327541,1.04375396157364,-0.3867226974872428,0.698961510926084,54.0,54,0.0092552167361192,primary_predictor,Maturity-Tilt Flow (USD bn),USD 100bn,basis points,HAC,4,baseline,2010-02-03,2025-07-30,Unique-release fixed-horizon Maturity-Tilt Flow specification from the pre-release pricing marker to +42 business days after the official release.
release_flow_horizon_42bd,release_flow,headline_baseline,pricing_release_flow_panel,release-event,release_plus_42bd,supporting,THREEFYTP10,10-year term premium proxy (THREEFYTP10),headline,delta_dff_release_plus_42bd,0.6354211929777644,5.178816103613043,0.1226962263700496,0.9023476522084622,54.0,54,0.0092552167361192,control,Change in DFF from release marker to +42 business days,Percent,basis points,HAC,4,baseline,2010-02-03,2025-07-30,Unique-release fixed-horizon Maturity-Tilt Flow specification from the pre-release pricing marker to +42 business days after the official release.
release_flow_horizon_42bd,release_flow,headline_baseline,pricing_release_flow_panel,release-event,release_plus_42bd,supporting,THREEFYTP10,10-year term premium proxy (THREEFYTP10),headline,debt_limit_dummy,4.096329441395369,5.882103045933198,0.6964055898727433,0.4861748633515207,54.0,54,0.0092552167361192,control,Debt-limit period dummy,Indicator,basis points,HAC,4,baseline,2010-02-03,2025-07-30,Unique-release fixed-horizon Maturity-Tilt Flow specification from the pre-release pricing marker to +42 business days after the official release.
release_flow_horizon_42bd,release_flow,headline_baseline,pricing_release_flow_panel,release-event,release_plus_42bd,supporting,DGS10,10-year Treasury constant maturity yield,headline,const,-4.115876037317105,4.3428200487380675,-0.9477427089140136,0.3432604528048348,54.0,54,0.0915971273412632,intercept,const,,basis points,HAC,4,baseline,2010-02-03,2025-07-30,Unique-release fixed-horizon Maturity-Tilt Flow specification from the pre-release pricing marker to +42 business days after the official release.
release_flow_horizon_42bd,release_flow,headline_baseline,pricing_release_flow_panel,release-event,release_plus_42bd,supporting,DGS10,10-year Treasury constant maturity yield,headline,ati_baseline_bn,-0.9064660524940444,1.9766356740914843,-0.4585903534856927,0.6465283651818583,54.0,54,0.0915971273412632,primary_predictor,Maturity-Tilt Flow (USD bn),USD 100bn,basis points,HAC,4,baseline,2010-02-03,2025-07-30,Unique-release fixed-horizon Maturity-Tilt Flow specification from the pre-release pricing marker to +42 business days after the official release.
release_flow_horizon_42bd,release_flow,headline_baseline,pricing_release_flow_panel,release-event,release_plus_42bd,supporting,DGS10,10-year Treasury constant maturity yield,headline,delta_dff_release_plus_42bd,32.2108183094445,12.40602981425742,2.596384080298337,0.0094210688830528,54.0,54,0.0915971273412632,control,Change in DFF from release marker to +42 business days,Percent,basis points,HAC,4,baseline,2010-02-03,2025-07-30,Unique-release fixed-horizon Maturity-Tilt Flow specification from the pre-release pricing marker to +42 business days after the official release.
release_flow_horizon_42bd,release_flow,headline_baseline,pricing_release_flow_panel,release-event,release_plus_42bd,supporting,DGS10,10-year Treasury constant maturity yield,headline,debt_limit_dummy,4.724922487592777,11.09330696861908,0.4259255153543223,0.6701621218672013,54.0,54,0.0915971273412632,control,Debt-limit period dummy,Indicator,basis points,HAC,4,baseline,2010-02-03,2025-07-30,Unique-release fixed-horizon Maturity-Tilt Flow specification from the pre-release pricing marker to +42 business days after the official release.
release_flow_baseline_63bd,release_flow,headline_baseline,pricing_release_flow_panel,release-event,release_plus_63bd,credibility_anchor,THREEFYTP10,10-year term premium proxy (THREEFYTP10),headline,const,-1.177363239786201,2.947582063084305,-0.3994335745666148,0.6895737591702455,60.0,60,0.0484393362421922,intercept,const,,basis points,HAC,4,baseline,2010-02-03,2025-07-30,Unique-release fixed-horizon Maturity-Tilt Flow specification from the pre-release pricing marker to +63 business days after the official release.
release_flow_baseline_63bd,release_flow,headline_baseline,pricing_release_flow_panel,release-event,release_plus_63bd,credibility_anchor,THREEFYTP10,10-year term premium proxy (THREEFYTP10),headline,ati_baseline_bn,-0.3091465468488745,0.5662283556541086,-0.5459750359759845,0.5850830974168573,60.0,60,0.0484393362421922,primary_predictor,Maturity-Tilt Flow (USD bn),USD 100bn,basis points,HAC,4,baseline,2010-02-03,2025-07-30,Unique-release fixed-horizon Maturity-Tilt Flow specification from the pre-release pricing marker to +63 business days after the official release.
release_flow_baseline_63bd,release_flow,headline_baseline,pricing_release_flow_panel,release-event,release_plus_63bd,credibility_anchor,THREEFYTP10,10-year term premium proxy (THREEFYTP10),headline,delta_dff_release_plus_63bd,-10.380559690979158,8.520480728501184,-1.21830680940994,0.2231074033768613,60.0,60,0.0484393362421922,control,Change in DFF from release marker to +63 business days,Percent,basis points,HAC,4,baseline,2010-02-03,2025-07-30,Unique-release fixed-horizon Maturity-Tilt Flow specification from the pre-release pricing marker to +63 business days after the official release.
release_flow_baseline_63bd,release_flow,headline_baseline,pricing_release_flow_panel,release-event,release_plus_63bd,credibility_anchor,THREEFYTP10,10-year term premium proxy (THREEFYTP10),headline,debt_limit_dummy,6.199208220672928,5.905255871195351,1.0497780885179622,0.2938201516114465,60.0,60,0.0484393362421922,control,Debt-limit period dummy,Indicator,basis points,HAC,4,baseline,2010-02-03,2025-07-30,Unique-release fixed-horizon Maturity-Tilt Flow specification from the pre-release pricing marker to +63 business days after the official release.
release_flow_baseline_63bd,release_flow,headline_baseline,pricing_release_flow_panel,release-event,release_plus_63bd,credibility_anchor,DGS10,10-year Treasury constant maturity yield,headline,const,-1.7963566306140764,5.916071224014809,-0.3036401291658249,0.7614020754545479,60.0,60,0.0344352645582012,intercept,const,,basis points,HAC,4,baseline,2010-02-03,2025-07-30,Unique-release fixed-horizon Maturity-Tilt Flow specification from the pre-release pricing marker to +63 business days after the official release.
release_flow_baseline_63bd,release_flow,headline_baseline,pricing_release_flow_panel,release-event,release_plus_63bd,credibility_anchor,DGS10,10-year Treasury constant maturity yield,headline,ati_baseline_bn,-0.7488184022447868,1.071917242136197,-0.6985785588750164,0.4848154470933843,60.0,60,0.0344352645582012,primary_predictor,Maturity-Tilt Flow (USD bn),USD 100bn,basis points,HAC,4,baseline,2010-02-03,2025-07-30,Unique-release fixed-horizon Maturity-Tilt Flow specification from the pre-release pricing marker to +63 business days after the official release.
release_flow_baseline_63bd,release_flow,headline_baseline,pricing_release_flow_panel,release-event,release_plus_63bd,credibility_anchor,DGS10,10-year Treasury constant maturity yield,headline,delta_dff_release_plus_63bd,17.705512509805672,16.233448094595335,1.090680945085255,0.2754132980242049,60.0,60,0.0344352645582012,control,Change in DFF from release marker to +63 business days,Percent,basis points,HAC,4,baseline,2010-02-03,2025-07-30,Unique-release fixed-horizon Maturity-Tilt Flow specification from the pre-release pricing marker to +63 business days after the official release.
release_flow_baseline_63bd,release_flow,headline_baseline,pricing_release_flow_panel,release-event,release_plus_63bd,credibility_anchor,DGS10,10-year Treasury constant maturity yield,headline,debt_limit_dummy,8.7437009619225,11.776246457055764,0.7424862407396113,0.4577927852090936,60.0,60,0.0344352645582012,control,Debt-limit period dummy,Indicator,basis points,HAC,4,baseline,2010-02-03,2025-07-30,Unique-release fixed-horizon Maturity-Tilt Flow specification from the pre-release pricing marker to +63 business days after the official release.
monthly_flow_baseline,monthly_flow,headline_baseline,official_ati_price_panel,monthly,carry_forward_monthly,headline_context,THREEFYTP10,10-year term premium proxy (THREEFYTP10),headline,const,19.569464397446453,7.3257201688995135,2.671336598485746,0.0075549845582182,206.0,206,0.1163120284839357,intercept,const,,basis points,HAC,4,baseline,2009-02-28,2026-03-31,"Monthly carry-forward Maturity-Tilt Flow specification retained as side-by-side headline context, not the main credibility anchor. Panels are labeled at month-end, so the current month may be partial before month close."
monthly_flow_baseline,monthly_flow,headline_baseline,official_ati_price_panel,monthly,carry_forward_monthly,headline_context,THREEFYTP10,10-year term premium proxy (THREEFYTP10),headline,ati_baseline_bn,-2.8129412457513903,1.2410416981317591,-2.266596883880646,0.0234148626286385,206.0,206,0.1163120284839357,primary_predictor,Maturity-Tilt Flow (USD bn),USD 100bn,basis points,HAC,4,baseline,2009-02-28,2026-03-31,"Monthly carry-forward Maturity-Tilt Flow specification retained as side-by-side headline context, not the main credibility anchor. Panels are labeled at month-end, so the current month may be partial before month close."
monthly_flow_baseline,monthly_flow,headline_baseline,official_ati_price_panel,monthly,carry_forward_monthly,headline_context,THREEFYTP10,10-year term premium proxy (THREEFYTP10),headline,DFF,4.968691206417974,1.9369676431447995,2.5651906081151483,0.0103119140037691,206.0,206,0.1163120284839357,control,Effective federal funds rate,Percent,basis points,HAC,4,baseline,2009-02-28,2026-03-31,"Monthly carry-forward Maturity-Tilt Flow specification retained as side-by-side headline context, not the main credibility anchor. Panels are labeled at month-end, so the current month may be partial before month close."
monthly_flow_baseline,monthly_flow,headline_baseline,official_ati_price_panel,monthly,carry_forward_monthly,headline_context,THREEFYTP10,10-year term premium proxy (THREEFYTP10),headline,debt_limit_dummy,-24.350134599939757,8.547532134808469,-2.848791231889927,0.0043885667205968,206.0,206,0.1163120284839357,control,Debt-limit period dummy,Indicator,basis points,HAC,4,baseline,2009-02-28,2026-03-31,"Monthly carry-forward Maturity-Tilt Flow specification retained as side-by-side headline context, not the main credibility anchor. Panels are labeled at month-end, so the current month may be partial before month close."
monthly_flow_baseline,monthly_flow,headline_baseline,official_ati_price_panel,monthly,carry_forward_monthly,headline_context,DGS10,10-year Treasury constant maturity yield,headline,const,212.5601927099951,13.360272975746698,15.9098689896428,5.412663774571924e-57,206.0,206,0.5793542933122507,intercept,const,,basis points,HAC,4,baseline,2009-02-28,2026-03-31,"Monthly carry-forward Maturity-Tilt Flow specification retained as side-by-side headline context, not the main credibility anchor. Panels are labeled at month-end, so the current month may be partial before month close."
monthly_flow_baseline,monthly_flow,headline_baseline,official_ati_price_panel,monthly,carry_forward_monthly,headline_context,DGS10,10-year Treasury constant maturity yield,headline,ati_baseline_bn,-5.215031078483927,2.360413487527365,-2.209371835079158,0.0271487883899518,206.0,206,0.5793542933122507,primary_predictor,Maturity-Tilt Flow (USD bn),USD 100bn,basis points,HAC,4,baseline,2009-02-28,2026-03-31,"Monthly carry-forward Maturity-Tilt Flow specification retained as side-by-side headline context, not the main credibility anchor. Panels are labeled at month-end, so the current month may be partial before month close."
monthly_flow_baseline,monthly_flow,headline_baseline,official_ati_price_panel,monthly,carry_forward_monthly,headline_context,DGS10,10-year Treasury constant maturity yield,headline,DFF,45.65921023100619,3.6525692459869794,12.500573474731862,7.4114696378614e-36,206.0,206,0.5793542933122507,control,Effective federal funds rate,Percent,basis points,HAC,4,baseline,2009-02-28,2026-03-31,"Monthly carry-forward Maturity-Tilt Flow specification retained as side-by-side headline context, not the main credibility anchor. Panels are labeled at month-end, so the current month may be partial before month close."
monthly_flow_baseline,monthly_flow,headline_baseline,official_ati_price_panel,monthly,carry_forward_monthly,headline_context,DGS10,10-year Treasury constant maturity yield,headline,debt_limit_dummy,-48.220534393896415,16.69952902588233,-2.8875385838223453,0.0038826898237085,206.0,206,0.5793542933122507,control,Debt-limit period dummy,Indicator,basis points,HAC,4,baseline,2009-02-28,2026-03-31,"Monthly carry-forward Maturity-Tilt Flow specification retained as side-by-side headline context, not the main credibility anchor. Panels are labeled at month-end, so the current month may be partial before month close."
monthly_stock_baseline,monthly_stock,headline_baseline,official_ati_price_panel,monthly,carry_forward_monthly,supporting,THREEFYTP10,10-year term premium proxy (THREEFYTP10),headline,const,23.10063086300322,10.05067580394532,2.298415680061557,0.0215381419224288,207.0,207,0.0865941283541469,intercept,const,,basis points,HAC,4,baseline,2009-01-31,2026-03-31,"Monthly stock specification using Excess Bills Stock after policy-rate and debt-limit controls. Panels are labeled at month-end, so the current month may be partial before month close."
monthly_stock_baseline,monthly_stock,headline_baseline,official_ati_price_panel,monthly,carry_forward_monthly,supporting,THREEFYTP10,10-year term premium proxy (THREEFYTP10),headline,stock_excess_bills_bn,0.8348280777935694,1.162626501681806,0.7180535422046054,0.472724273940835,207.0,207,0.0865941283541469,primary_predictor,Excess Bills Stock (USD bn),USD 100bn,basis points,HAC,4,baseline,2009-01-31,2026-03-31,"Monthly stock specification using Excess Bills Stock after policy-rate and debt-limit controls. Panels are labeled at month-end, so the current month may be partial before month close."
monthly_stock_baseline,monthly_stock,headline_baseline,official_ati_price_panel,monthly,carry_forward_monthly,supporting,THREEFYTP10,10-year term premium proxy (THREEFYTP10),headline,DFF,2.489263746709085,3.420849203045775,0.7276742115649977,0.4668130402494482,207.0,207,0.0865941283541469,control,Effective federal funds rate,Percent,basis points,HAC,4,baseline,2009-01-31,2026-03-31,"Monthly stock specification using Excess Bills Stock after policy-rate and debt-limit controls. Panels are labeled at month-end, so the current month may be partial before month close."
monthly_stock_baseline,monthly_stock,headline_baseline,official_ati_price_panel,monthly,carry_forward_monthly,supporting,THREEFYTP10,10-year term premium proxy (THREEFYTP10),headline,debt_limit_dummy,-22.37281530290172,7.665106358809261,-2.918787327352524,0.0035139586973619,207.0,207,0.0865941283541469,control,Debt-limit period dummy,Indicator,basis points,HAC,4,baseline,2009-01-31,2026-03-31,"Monthly stock specification using Excess Bills Stock after policy-rate and debt-limit controls. Panels are labeled at month-end, so the current month may be partial before month close."
monthly_stock_baseline,monthly_stock,headline_baseline,official_ati_price_panel,monthly,carry_forward_monthly,supporting,DGS10,10-year Treasury constant maturity yield,headline,const,218.7460895204234,18.21063973761675,12.011993684580515,3.073449471529526e-33,207.0,207,0.5631269904779896,intercept,const,,basis points,HAC,4,baseline,2009-01-31,2026-03-31,"Monthly stock specification using Excess Bills Stock after policy-rate and debt-limit controls. Panels are labeled at month-end, so the current month may be partial before month close."
monthly_stock_baseline,monthly_stock,headline_baseline,official_ati_price_panel,monthly,carry_forward_monthly,supporting,DGS10,10-year Treasury constant maturity yield,headline,stock_excess_bills_bn,1.495400180561965,2.111025101267702,0.7083763142673931,0.4787115972563814,207.0,207,0.5631269904779896,primary_predictor,Excess Bills Stock (USD bn),USD 100bn,basis points,HAC,4,baseline,2009-01-31,2026-03-31,"Monthly stock specification using Excess Bills Stock after policy-rate and debt-limit controls. Panels are labeled at month-end, so the current month may be partial before month close."
monthly_stock_baseline,monthly_stock,headline_baseline,official_ati_price_panel,monthly,carry_forward_monthly,supporting,DGS10,10-year Treasury constant maturity yield,headline,DFF,41.190448013733985,6.250294051378542,6.590161626819649,4.393480230029876e-11,207.0,207,0.5631269904779896,control,Effective federal funds rate,Percent,basis points,HAC,4,baseline,2009-01-31,2026-03-31,"Monthly stock specification using Excess Bills Stock after policy-rate and debt-limit controls. Panels are labeled at month-end, so the current month may be partial before month close."
monthly_stock_baseline,monthly_stock,headline_baseline,official_ati_price_panel,monthly,carry_forward_monthly,supporting,DGS10,10-year Treasury constant maturity yield,headline,debt_limit_dummy,-44.470523325393586,15.127530895008968,-2.9397079823559156,0.0032852170481932,207.0,207,0.5631269904779896,control,Debt-limit period dummy,Indicator,basis points,HAC,4,baseline,2009-01-31,2026-03-31,"Monthly stock specification using Excess Bills Stock after policy-rate and debt-limit controls. Panels are labeled at month-end, so the current month may be partial before month close."
weekly_duration_baseline,weekly_duration,headline_baseline,weekly_supply_price_panel,weekly (W-WED),weekly_duration_window,supporting,THREEFYTP10,10-year term premium proxy (THREEFYTP10),headline,const,39.07889308868776,4.093486016142156,9.546604760486536,1.3401643400037416e-21,1196.0,1196,0.0941366401716352,intercept,const,,basis points,HAC,4,baseline,2003-01-08,2026-03-11,"Weekly reduced-form specification using Public Duration Supply with QT, buybacks, TGA, and policy-rate controls."
weekly_duration_baseline,weekly_duration,headline_baseline,weekly_supply_price_panel,weekly (W-WED),weekly_duration_window,supporting,THREEFYTP10,10-year term premium proxy (THREEFYTP10),headline,headline_public_duration_supply,-26.08411102259444,4.410233579861238,-5.914451139663932,3.3298406239677704e-09,1196.0,1196,0.0941366401716352,primary_predictor,Public Duration Supply (USD bn),USD 100bn,basis points,HAC,4,baseline,2003-01-08,2026-03-11,"Weekly reduced-form specification using Public Duration Supply with QT, buybacks, TGA, and policy-rate controls."
weekly_duration_baseline,weekly_duration,headline_baseline,weekly_supply_price_panel,weekly (W-WED),weekly_duration_window,supporting,THREEFYTP10,10-year term premium proxy (THREEFYTP10),headline,qt_proxy,0.362310807261935,0.0796257917541589,4.5501689751551,5.360285250002511e-06,1196.0,1196,0.0941366401716352,control,QT proxy (USD bn),USD bn,basis points,HAC,4,baseline,2003-01-08,2026-03-11,"Weekly reduced-form specification using Public Duration Supply with QT, buybacks, TGA, and policy-rate controls."
weekly_duration_baseline,weekly_duration,headline_baseline,weekly_supply_price_panel,weekly (W-WED),weekly_duration_window,supporting,THREEFYTP10,10-year term premium proxy (THREEFYTP10),headline,buybacks_accepted,0.6934492669756285,0.6154467593344204,1.1267412760862767,0.2598518854225436,1196.0,1196,0.0941366401716352,control,Buybacks accepted (USD bn),USD bn,basis points,HAC,4,baseline,2003-01-08,2026-03-11,"Weekly reduced-form specification using Public Duration Supply with QT, buybacks, TGA, and policy-rate controls."
weekly_duration_baseline,weekly_duration,headline_baseline,weekly_supply_price_panel,weekly (W-WED),weekly_duration_window,supporting,THREEFYTP10,10-year term premium proxy (THREEFYTP10),headline,delta_wdtgal,0.0529878855686328,0.0294541192699617,1.7989974537338018,0.0720190834930035,1196.0,1196,0.0941366401716352,control,Change in WDTGAL (USD bn),USD bn,basis points,HAC,4,baseline,2003-01-08,2026-03-11,"Weekly reduced-form specification using Public Duration Supply with QT, buybacks, TGA, and policy-rate controls."
weekly_duration_baseline,weekly_duration,headline_baseline,weekly_supply_price_panel,weekly (W-WED),weekly_duration_window,supporting,THREEFYTP10,10-year term premium proxy (THREEFYTP10),headline,DFF,2.820120186092212,1.129972273035866,2.4957428189945503,0.0125693695073296,1196.0,1196,0.0941366401716352,control,Effective federal funds rate,Percent,basis points,HAC,4,baseline,2003-01-08,2026-03-11,"Weekly reduced-form specification using Public Duration Supply with QT, buybacks, TGA, and policy-rate controls."
weekly_duration_baseline,weekly_duration,headline_baseline,weekly_supply_price_panel,weekly (W-WED),weekly_duration_window,supporting,DGS10,10-year Treasury constant maturity yield,headline,const,246.340486160201,7.342994529849729,33.547687548834695,9.72988594181378e-247,1197.0,1197,0.5539747977959579,intercept,const,,basis points,HAC,4,baseline,2003-01-08,2026-03-18,"Weekly reduced-form specification using Public Duration Supply with QT, buybacks, TGA, and policy-rate controls."
weekly_duration_baseline,weekly_duration,headline_baseline,weekly_supply_price_panel,weekly (W-WED),weekly_duration_window,supporting,DGS10,10-year Treasury constant maturity yield,headline,headline_public_duration_supply,-44.05425599407576,8.077068983039528,-5.4542379279639945,4.9183312078624395e-08,1197.0,1197,0.5539747977959579,primary_predictor,Public Duration Supply (USD bn),USD 100bn,basis points,HAC,4,baseline,2003-01-08,2026-03-18,"Weekly reduced-form specification using Public Duration Supply with QT, buybacks, TGA, and policy-rate controls."
weekly_duration_baseline,weekly_duration,headline_baseline,weekly_supply_price_panel,weekly (W-WED),weekly_duration_window,supporting,DGS10,10-year Treasury constant maturity yield,headline,qt_proxy,0.6796867785171913,0.1402521583908247,4.846176959524468,1.2586326106909549e-06,1197.0,1197,0.5539747977959579,control,QT proxy (USD bn),USD bn,basis points,HAC,4,baseline,2003-01-08,2026-03-18,"Weekly reduced-form specification using Public Duration Supply with QT, buybacks, TGA, and policy-rate controls."
weekly_duration_baseline,weekly_duration,headline_baseline,weekly_supply_price_panel,weekly (W-WED),weekly_duration_window,supporting,DGS10,10-year Treasury constant maturity yield,headline,buybacks_accepted,2.052346365708132,1.0801411544616946,1.9000723722363413,0.0574236227584621,1197.0,1197,0.5539747977959579,control,Buybacks accepted (USD bn),USD bn,basis points,HAC,4,baseline,2003-01-08,2026-03-18,"Weekly reduced-form specification using Public Duration Supply with QT, buybacks, TGA, and policy-rate controls."
weekly_duration_baseline,weekly_duration,headline_baseline,weekly_supply_price_panel,weekly (W-WED),weekly_duration_window,supporting,DGS10,10-year Treasury constant maturity yield,headline,delta_wdtgal,0.0850727903836993,0.0541587854271399,1.570803143252689,0.1162283817419967,1197.0,1197,0.5539747977959579,control,Change in WDTGAL (USD bn),USD bn,basis points,HAC,4,baseline,2003-01-08,2026-03-18,"Weekly reduced-form specification using Public Duration Supply with QT, buybacks, TGA, and policy-rate controls."
weekly_duration_baseline,weekly_duration,headline_baseline,weekly_supply_price_panel,weekly (W-WED),weekly_duration_window,supporting,DGS10,10-year Treasury constant maturity yield,headline,DFF,40.39969482216263,1.975208991160155,20.453377340305416,5.6056537477603175e-93,1197.0,1197,0.5539747977959579,control,Effective federal funds rate,Percent,basis points,HAC,4,baseline,2003-01-08,2026-03-18,"Weekly reduced-form specification using Public Duration Supply with QT, buybacks, TGA, and policy-rate controls."
